kharmston79@angelfire.com,Marquardt-Kemmer,Babysitting,www.paypal.me/paypalme/marquardtkemmer
gcolquittjz@auda.org.au,Armstrong-Emmerich,Babysitting,www.paypal.me/paypalme/armstrongemmerich
acroley2g@icio.us,Greenfelder LLC,Internet,www.paypal.me/paypalme/greenfelderllc
ogarfieldb6@nhs.uk,Gutmann-Jenkins,Health Insurance,www.paypal.me/paypalme/gutmannjenkins
isimoes8c@networkadvertising.org,Reichel-Gleason,Life Insurance,www.paypal.me/paypalme/reichelgleason
mlampettjs@yellowpages.com,"Kris, Auer and Witting",Sewage,www.paypal.me/paypalme/krisauerandwitting
bcaesarn2@hubpages.com,"Koelpin, Gleichner and Zboncak",Electricity,www.paypal.me/paypalme/koelpingleichnerandzboncak
jspentonlj@ebay.com,Ledner-Kihn,Home Insurance,www.paypal.me/paypalme/lednerkihn
edaens34@hud.gov,"Kuhic, Weimann and Shanahan",Lawncare,www.paypal.me/paypalme/kuhicweimannandshanahan
tmarczykck@slate.com,"Schultz, Sawayn and Beatty",Security,www.paypal.me/paypalme/schultzsawaynandbeatty
bfowlesdu@amazonaws.com,Sawayn-Bechtelar,Transport,www.paypal.me/paypalme/sawaynbechtelar
cdowning4u@addtoany.com,Cormier Inc,Health Insurance,www.paypal.me/paypalme/cormierinc
mruddoch2@nature.com,Gottlieb-Bosco,Mortgage,www.paypal.me/paypalme/gottliebbosco
jgreenshielsff@example.com,Lakin-Gleichner,Internet,www.paypal.me/paypalme/lakingleichner
rdennissmb@oaic.gov.au,Kling-Schroeder,Sewage,www.paypal.me/paypalme/klingschroeder
rarnke41@dot.gov,Carroll LLC,Health Insurance,www.paypal.me/paypalme/carrollllc
mlettydc@istockphoto.com,"Dickens, Kertzmann and Botsford",Sewage,www.paypal.me/paypalme/dickenskertzmannandbotsford
kromerilbd@domainmarket.com,"Schumm, Crooks and Jacobi",Cable,www.paypal.me/paypalme/schummcrooksandjacobi
rdewburyod@live.com,Steuber-Bartell,Cellular,www.paypal.me/paypalme/steuberbartell
epigneyfb@chronoengine.com,Bogan and Sons,Electricity,www.paypal.me/paypalme/boganandsons
larnaud9k@economist.com,"Anderson, Friesen and Kuvalis",Cable,www.paypal.me/paypalme/andersonfriesenandkuvalis
bcrockleypc@php.net,Von-Bauch,Cellular,www.paypal.me/paypalme/vonbauch
cenrich3m@go.com,Klein and Sons,Lawncare,www.paypal.me/paypalme/kleinandsons
htuterq@wufoo.com,"Upton, Bins and Miller",Life Insurance,www.paypal.me/paypalme/uptonbinsandmiller
wbollini6s@mapy.cz,"Powlowski, Steuber and Satterfield",Cellular,www.paypal.me/paypalme/powlowskisteuberandsatterfield
cspenceley55@comsenz.com,Bechtelar and Sons,Water Supply,www.paypal.me/paypalme/bechtelarandsons
bfowlesdu@amazonaws.com,Denesik Group,Lawncare,www.paypal.me/paypalme/denesikgroup
gprovost5g@umich.edu,Keeling-Towne,Gas,www.paypal.me/paypalme/keelingtowne
jbillinged8@disqus.com,Collier Group,Babysitting,www.paypal.me/paypalme/colliergroup
tkhilkovo@independent.co.uk,Satterfield-Legros,Gas,www.paypal.me/paypalme/satterfieldlegros
anewtonji@home.pl,"Mueller, Corwin and Corkery",Gas,www.paypal.me/paypalme/muellercorwinandcorkery
asawlego@mediafire.com,"Heathcote, Bode and West",Cellular,www.paypal.me/paypalme/heathcotebodeandwest
kglassj4@xrea.com,Hilpert-Emard,Security,www.paypal.me/paypalme/hilpertemard
mdagnalla@people.com.cn,Stoltenberg-Bartell,Cable,www.paypal.me/paypalme/stoltenbergbartell
ocantophernb@parallels.com,"Murazik, Mills and Lind",Water Supply,www.paypal.me/paypalme/murazikmillsandlind
zmordeyel@google.com.hk,"Kiehn, Corkery and Ziemann",Home Cleaning,www.paypal.me/paypalme/kiehncorkeryandziemann
lspikinsgt@businessinsider.com,Koch-Rowe,Internet,www.paypal.me/paypalme/kochrowe
rlinturn52@slideshare.net,"Fritsch, Sawayn and Koss",Home Cleaning,www.paypal.me/paypalme/fritschsawaynandkoss
mlampettjs@yellowpages.com,"Rogahn, McKenzie and Langworth",Cable,www.paypal.me/paypalme/rogahnmckenzieandlangworth
rkabsch1p@chron.com,"Waelchi, Beer and Fahey",Security,www.paypal.me/paypalme/waelchibeerandfahey
apickhaver5q@archive.org,"Collins, Grady and Tremblay",Lawncare,www.paypal.me/paypalme/collinsgradyandtremblay
jwannesb1@odnoklassniki.ru,"Kuhn, Streich and Reichel",Cable,www.paypal.me/paypalme/kuhnstreichandreichel
qgreatreax6u@gnu.org,Kiehn Inc,Lawncare,www.paypal.me/paypalme/kiehninc
rdemcakqs@fda.gov,Block-Ondricka,Babysitting,www.paypal.me/paypalme/blockondricka
jsperryow@livejournal.com,Wolff LLC,Car Insurance,www.paypal.me/paypalme/wolffllc
mhatwells2f@pcworld.com,"Thiel, Mann and Stanton",Internet,www.paypal.me/paypalme/thielmannandstanton
ggutersond7@bigcartel.com,Abbott-Prosacco,Home Cleaning,www.paypal.me/paypalme/abbottprosacco
sschulkeba@deliciousdays.com,Paucek LLC,Lawncare,www.paypal.me/paypalme/paucekllc
klightfoot5y@ebay.co.uk,"Friesen, Heller and Friesen",Security,www.paypal.me/paypalme/friesenhellerandfriesen
pfuggle8h@linkedin.com,Erdman-Howell,Lawncare,www.paypal.me/paypalme/erdmanhowell
