kpadefieldax@geocities.jp,Hirthe and Sons,Home Insurance,www.paypal.me/paypalme/hirtheandsons
pcreswell47@dot.gov,Schmitt LLC,Cellular,www.paypal.me/paypalme/schmittllc
cmaccaghanbh@msu.edu,Crist-Schiller,Babysitting,www.paypal.me/paypalme/cristschiller
sczyz4j@archive.org,Flatley-Tremblay,Elderly Care,www.paypal.me/paypalme/flatleytremblay
aevequot67@netlog.com,Gleason-Champlin,Life Insurance,www.paypal.me/paypalme/gleasonchamplin
leisikovitsh2q@constantcontact.com,"Schmidt, Hand and Trantow",Health Insurance,www.paypal.me/paypalme/schmidthandandtrantow
pshuttleez@aboutads.info,"Sporer, Graham and Reichert",Health Insurance,www.paypal.me/paypalme/sporergrahamandreichert
cfaragherhk@gizmodo.com,"Swaniawski, Pouros and McCullough",Sewage,www.paypal.me/paypalme/swaniawskipourosandmccullough
bmagerg1@cnbc.com,Mueller-Little,Home Cleaning,www.paypal.me/paypalme/muellerlittle
jsoutherns63@un.org,Dicki-Glover,Elderly Care,www.paypal.me/paypalme/dickiglover
aargoif@indiegogo.com,"Legros, Johns and Robel",Mortgage,www.paypal.me/paypalme/legrosjohnsandrobel
scaddellhj@cocolog-nifty.com,"Halvorson, Hilll and Sauer",Electricity,www.paypal.me/paypalme/halvorsonhilllandsauer
kcleeve3v@discuz.net,Kreiger Inc,Water Supply,www.paypal.me/paypalme/kreigerinc
adeportenr@booking.com,Miller and Sons,Security,www.paypal.me/paypalme/millerandsons
pgovegg@usnews.com,Kihn and Sons,Health Insurance,www.paypal.me/paypalme/kihnandsons
rtomaszewicz59@dagondesign.com,Bartell Group,Car Insurance,www.paypal.me/paypalme/bartellgroup
dspellsworthqv@friendfeed.com,Gerlach Group,Home Cleaning,www.paypal.me/paypalme/gerlachgroup
egaughanec@vkontakte.ru,"Flatley, Pollich and Bogisich",Internet,www.paypal.me/paypalme/flatleypollichandbogisich
csygroves3i@liveinternet.ru,Murazik LLC,Life Insurance,www.paypal.me/paypalme/murazikllc
ktilsonh2@cornell.edu,Osinski-O'Hara,Lawncare,www.paypal.me/paypalme/osinskiohara
sduffriemi@uiuc.edu,Conroy LLC,Home Insurance,www.paypal.me/paypalme/conroyllc
htrusteyld@accuweather.com,Blick-Kunze,Security,www.paypal.me/paypalme/blickkunze
aleggett2k@geocities.jp,"Botsford, Hartmann and Robel",Gas,www.paypal.me/paypalme/botsfordhartmannandrobel
ltinstonfv@icio.us,Kiehn Group,Elderly Care,www.paypal.me/paypalme/kiehngroup
tabrahamll@noaa.gov,Rolfson and Sons,Car Insurance,www.paypal.me/paypalme/rolfsonandsons
jtaggh9@woothemes.com,"Dibbert, Lesch and Leannon",Car Insurance,www.paypal.me/paypalme/dibbertleschandleannon
halvaro7z@google.com.au,Anderson-Hickle,Health Insurance,www.paypal.me/paypalme/andersonhickle
jdobson5j@un.org,Ortiz LLC,Sewage,www.paypal.me/paypalme/ortizllc
cbilbrookep1@pagesperso-orange.fr,Schaden-Fahey,Babysitting,www.paypal.me/paypalme/schadenfahey
egoodeegk@123-reg.co.uk,Franecki LLC,Home Cleaning,www.paypal.me/paypalme/franeckillc
wiliveiu@google.es,"Franecki, Ebert and Paucek",Device Insurance,www.paypal.me/paypalme/franeckiebertandpaucek
eyearnsg@cbc.ca,Cassin-Zboncak,Health Insurance,www.paypal.me/paypalme/cassinzboncak
redes97@amazon.co.jp,Bailey-Maggio,Health Insurance,www.paypal.me/paypalme/baileymaggio
kfoskengn@ebay.co.uk,Wiegand and Sons,Car Insurance,www.paypal.me/paypalme/wiegandandsons
aargoif@indiegogo.com,"Roob, Lesch and Emard",Transport,www.paypal.me/paypalme/roobleschandemard
ktilsonh2@cornell.edu,O'Conner-Cummerata,Car Insurance,www.paypal.me/paypalme/oconnercummerata
jhuckettc4@godaddy.com,Johnston Group,Device Insurance,www.paypal.me/paypalme/johnstongroup
gwindressr8@twitter.com,"Hermiston, Hettinger and Hand",Electricity,www.paypal.me/paypalme/hermistonhettingerandhand
ikeirleqc@baidu.com,"Stark, Johns and Strosin",Gas,www.paypal.me/paypalme/starkjohnsandstrosin
jkitchenhamn@sciencedirect.com,Armstrong Group,Cable,www.paypal.me/paypalme/armstronggroup
fhornigdh@constantcontact.com,Krajcik Inc,Mortgage,www.paypal.me/paypalme/krajcikinc
mlicarir1@gov.uk,Kozey-Sanford,Elderly Care,www.paypal.me/paypalme/kozeysanford
sasty9j@symantec.com,Windler-Krajcik,Elderly Care,www.paypal.me/paypalme/windlerkrajcik
mlowlesde@free.fr,"Glover, Carroll and Rodriguez",Security,www.paypal.me/paypalme/glovercarrollandrodriguez
cduley8r@cam.ac.uk,Dietrich-Bernhard,Internet,www.paypal.me/paypalme/dietrichbernhard
nfaraharoo@google.co.jp,"Rutherford, Hartmann and Bashirian",Car Insurance,www.paypal.me/paypalme/rutherfordhartmannandbashirian
hcuphus6s@who.int,McCullough LLC,Home Cleaning,www.paypal.me/paypalme/mcculloughllc
hgolton2w@netvibes.com,Johns Inc,Gas,www.paypal.me/paypalme/johnsinc
gklosrr@cloudflare.com,"Kub, Tremblay and Schneider",Car Insurance,www.paypal.me/paypalme/kubtremblayandschneider
adennanto9@dot.gov,"Greenholt, Conn and Luettgen",Gas,www.paypal.me/paypalme/greenholtconnandluettgen
