skeeney0@gmpg.org,$2y$10$JsBMPw2veFfMeJnGH8/Jk.ASF8jLMeUrIAqqF1XiWDN32pmc7wtwy,Client
adean1@exblog.jp,$2y$10$JsBMPw2veFfMeJnGH8/Jk.ASF8jLMeUrIAqqF1XiWDN32pmc7wtwy,Client
owitnall2@barnesandnoble.com,$2y$10$JsBMPw2veFfMeJnGH8/Jk.ASF8jLMeUrIAqqF1XiWDN32pmc7wtwy,Vendor
paggus3@toplist.cz,$2y$10$JsBMPw2veFfMeJnGH8/Jk.ASF8jLMeUrIAqqF1XiWDN32pmc7wtwy,Client
hoda4@whitehouse.gov,$2y$10$JsBMPw2veFfMeJnGH8/Jk.ASF8jLMeUrIAqqF1XiWDN32pmc7wtwy,Client
ksenten5@shinystat.com,$2y$10$JsBMPw2veFfMeJnGH8/Jk.ASF8jLMeUrIAqqF1XiWDN32pmc7wtwy,Client
lodare6@xing.com,$2y$10$JsBMPw2veFfMeJnGH8/Jk.ASF8jLMeUrIAqqF1XiWDN32pmc7wtwy,Client
pmachent7@about.com,$2y$10$JsBMPw2veFfMeJnGH8/Jk.ASF8jLMeUrIAqqF1XiWDN32pmc7wtwy,Client
akienlein8@shop-pro.jp,$2y$10$JsBMPw2veFfMeJnGH8/Jk.ASF8jLMeUrIAqqF1XiWDN32pmc7wtwy,Vendor
sbirtles9@uiuc.edu,$2y$10$JsBMPw2veFfMeJnGH8/Jk.ASF8jLMeUrIAqqF1XiWDN32pmc7wtwy,Client
dansteysa@joomla.org,$2y$10$JsBMPw2veFfMeJnGH8/Jk.ASF8jLMeUrIAqqF1XiWDN32pmc7wtwy,Vendor
cbrameltb@sun.com,$2y$10$JsBMPw2veFfMeJnGH8/Jk.ASF8jLMeUrIAqqF1XiWDN32pmc7wtwy,Client
kperullic@flavors.me,$2y$10$JsBMPw2veFfMeJnGH8/Jk.ASF8jLMeUrIAqqF1XiWDN32pmc7wtwy,Client
wricardd@gmpg.org,$2y$10$JsBMPw2veFfMeJnGH8/Jk.ASF8jLMeUrIAqqF1XiWDN32pmc7wtwy,Client
mvasneve@msn.com,$2y$10$JsBMPw2veFfMeJnGH8/Jk.ASF8jLMeUrIAqqF1XiWDN32pmc7wtwy,Client
aduckittf@yale.edu,$2y$10$JsBMPw2veFfMeJnGH8/Jk.ASF8jLMeUrIAqqF1XiWDN32pmc7wtwy,Vendor
rbizleyg@tamu.edu,$2y$10$JsBMPw2veFfMeJnGH8/Jk.ASF8jLMeUrIAqqF1XiWDN32pmc7wtwy,Vendor
hpoulsumh@bloomberg.com,$2y$10$JsBMPw2veFfMeJnGH8/Jk.ASF8jLMeUrIAqqF1XiWDN32pmc7wtwy,Client
jridgedelli@php.net,$2y$10$JsBMPw2veFfMeJnGH8/Jk.ASF8jLMeUrIAqqF1XiWDN32pmc7wtwy,Client
kmaherj@eepurl.com,$2y$10$JsBMPw2veFfMeJnGH8/Jk.ASF8jLMeUrIAqqF1XiWDN32pmc7wtwy,Vendor
mvickorsk@sciencedirect.com,$2y$10$JsBMPw2veFfMeJnGH8/Jk.ASF8jLMeUrIAqqF1XiWDN32pmc7wtwy,Vendor
fpemblel@cargocollective.com,$2y$10$JsBMPw2veFfMeJnGH8/Jk.ASF8jLMeUrIAqqF1XiWDN32pmc7wtwy,Client
oduckersm@1und1.de,$2y$10$JsBMPw2veFfMeJnGH8/Jk.ASF8jLMeUrIAqqF1XiWDN32pmc7wtwy,Client
kiornsn@spotify.com,$2y$10$JsBMPw2veFfMeJnGH8/Jk.ASF8jLMeUrIAqqF1XiWDN32pmc7wtwy,Vendor
emustooo@t.co,$2y$10$JsBMPw2veFfMeJnGH8/Jk.ASF8jLMeUrIAqqF1XiWDN32pmc7wtwy,Vendor
rbarzenp@g.co,$2y$10$JsBMPw2veFfMeJnGH8/Jk.ASF8jLMeUrIAqqF1XiWDN32pmc7wtwy,Client
lmcduffyq@washingtonpost.com,$2y$10$JsBMPw2veFfMeJnGH8/Jk.ASF8jLMeUrIAqqF1XiWDN32pmc7wtwy,Vendor
klednorr@jimdo.com,$2y$10$JsBMPw2veFfMeJnGH8/Jk.ASF8jLMeUrIAqqF1XiWDN32pmc7wtwy,Client
cdelacis@wix.com,$2y$10$JsBMPw2veFfMeJnGH8/Jk.ASF8jLMeUrIAqqF1XiWDN32pmc7wtwy,Client
mbridgenst@wisc.edu,$2y$10$JsBMPw2veFfMeJnGH8/Jk.ASF8jLMeUrIAqqF1XiWDN32pmc7wtwy,Vendor
riannellou@japanpost.jp,$2y$10$JsBMPw2veFfMeJnGH8/Jk.ASF8jLMeUrIAqqF1XiWDN32pmc7wtwy,Client
maynoldv@marriott.com,$2y$10$JsBMPw2veFfMeJnGH8/Jk.ASF8jLMeUrIAqqF1XiWDN32pmc7wtwy,Client
wmacbarronw@tumblr.com,$2y$10$JsBMPw2veFfMeJnGH8/Jk.ASF8jLMeUrIAqqF1XiWDN32pmc7wtwy,Vendor
cpresterx@senate.gov,$2y$10$JsBMPw2veFfMeJnGH8/Jk.ASF8jLMeUrIAqqF1XiWDN32pmc7wtwy,Client
mthompsetty@weibo.com,$2y$10$JsBMPw2veFfMeJnGH8/Jk.ASF8jLMeUrIAqqF1XiWDN32pmc7wtwy,Vendor
gmoreinisz@51.la,$2y$10$JsBMPw2veFfMeJnGH8/Jk.ASF8jLMeUrIAqqF1XiWDN32pmc7wtwy,Vendor
eshillom10@marriott.com,$2y$10$JsBMPw2veFfMeJnGH8/Jk.ASF8jLMeUrIAqqF1XiWDN32pmc7wtwy,Client
atapenden11@java.com,$2y$10$JsBMPw2veFfMeJnGH8/Jk.ASF8jLMeUrIAqqF1XiWDN32pmc7wtwy,Client
lmulhall12@eepurl.com,$2y$10$JsBMPw2veFfMeJnGH8/Jk.ASF8jLMeUrIAqqF1XiWDN32pmc7wtwy,Client
vphippen13@themeforest.net,$2y$10$JsBMPw2veFfMeJnGH8/Jk.ASF8jLMeUrIAqqF1XiWDN32pmc7wtwy,Vendor
agethyn14@cdc.gov,$2y$10$JsBMPw2veFfMeJnGH8/Jk.ASF8jLMeUrIAqqF1XiWDN32pmc7wtwy,Client
apaslow15@latimes.com,$2y$10$JsBMPw2veFfMeJnGH8/Jk.ASF8jLMeUrIAqqF1XiWDN32pmc7wtwy,Client
kterrett16@sitemeter.com,$2y$10$JsBMPw2veFfMeJnGH8/Jk.ASF8jLMeUrIAqqF1XiWDN32pmc7wtwy,Vendor
kkester17@squarespace.com,$2y$10$JsBMPw2veFfMeJnGH8/Jk.ASF8jLMeUrIAqqF1XiWDN32pmc7wtwy,Vendor
gsimonsson18@deviantart.com,$2y$10$JsBMPw2veFfMeJnGH8/Jk.ASF8jLMeUrIAqqF1XiWDN32pmc7wtwy,Vendor
rreford19@baidu.com,$2y$10$JsBMPw2veFfMeJnGH8/Jk.ASF8jLMeUrIAqqF1XiWDN32pmc7wtwy,Vendor
aohdirscoll1a@histats.com,$2y$10$JsBMPw2veFfMeJnGH8/Jk.ASF8jLMeUrIAqqF1XiWDN32pmc7wtwy,Vendor
djakel1b@omniture.com,$2y$10$JsBMPw2veFfMeJnGH8/Jk.ASF8jLMeUrIAqqF1XiWDN32pmc7wtwy,Vendor
cblei1c@issuu.com,$2y$10$JsBMPw2veFfMeJnGH8/Jk.ASF8jLMeUrIAqqF1XiWDN32pmc7wtwy,Client
hgrece1d@buzzfeed.com,$2y$10$JsBMPw2veFfMeJnGH8/Jk.ASF8jLMeUrIAqqF1XiWDN32pmc7wtwy,Vendor
ddacosta1e@discovery.com,$2y$10$JsBMPw2veFfMeJnGH8/Jk.ASF8jLMeUrIAqqF1XiWDN32pmc7wtwy,Vendor
awimlett1f@ow.ly,$2y$10$JsBMPw2veFfMeJnGH8/Jk.ASF8jLMeUrIAqqF1XiWDN32pmc7wtwy,Vendor
fmcquin1g@amazon.com,$2y$10$JsBMPw2veFfMeJnGH8/Jk.ASF8jLMeUrIAqqF1XiWDN32pmc7wtwy,Vendor
rmoorhead1h@symantec.com,$2y$10$JsBMPw2veFfMeJnGH8/Jk.ASF8jLMeUrIAqqF1XiWDN32pmc7wtwy,Vendor
mfrayn1i@hubpages.com,$2y$10$JsBMPw2veFfMeJnGH8/Jk.ASF8jLMeUrIAqqF1XiWDN32pmc7wtwy,Client
smilley1j@go.com,$2y$10$JsBMPw2veFfMeJnGH8/Jk.ASF8jLMeUrIAqqF1XiWDN32pmc7wtwy,Vendor
jlyttle1k@yellowpages.com,$2y$10$JsBMPw2veFfMeJnGH8/Jk.ASF8jLMeUrIAqqF1XiWDN32pmc7wtwy,Client
aknightsbridge1l@engadget.com,$2y$10$JsBMPw2veFfMeJnGH8/Jk.ASF8jLMeUrIAqqF1XiWDN32pmc7wtwy,Client
cnorval1m@istockphoto.com,$2y$10$JsBMPw2veFfMeJnGH8/Jk.ASF8jLMeUrIAqqF1XiWDN32pmc7wtwy,Client
hheathcoat1n@unc.edu,$2y$10$JsBMPw2veFfMeJnGH8/Jk.ASF8jLMeUrIAqqF1XiWDN32pmc7wtwy,Client
sroberts1o@salon.com,$2y$10$JsBMPw2veFfMeJnGH8/Jk.ASF8jLMeUrIAqqF1XiWDN32pmc7wtwy,Vendor
dharnor1p@columbia.edu,$2y$10$JsBMPw2veFfMeJnGH8/Jk.ASF8jLMeUrIAqqF1XiWDN32pmc7wtwy,Client
rcaltera1q@xrea.com,$2y$10$JsBMPw2veFfMeJnGH8/Jk.ASF8jLMeUrIAqqF1XiWDN32pmc7wtwy,Client
tkenvin1r@typepad.com,$2y$10$JsBMPw2veFfMeJnGH8/Jk.ASF8jLMeUrIAqqF1XiWDN32pmc7wtwy,Vendor
lverbrugge1s@china.com.cn,$2y$10$JsBMPw2veFfMeJnGH8/Jk.ASF8jLMeUrIAqqF1XiWDN32pmc7wtwy,Client
elauthian1t@dot.gov,$2y$10$JsBMPw2veFfMeJnGH8/Jk.ASF8jLMeUrIAqqF1XiWDN32pmc7wtwy,Vendor
mmorde1u@ustream.tv,$2y$10$JsBMPw2veFfMeJnGH8/Jk.ASF8jLMeUrIAqqF1XiWDN32pmc7wtwy,Client
tpawlaczyk1v@51.la,$2y$10$JsBMPw2veFfMeJnGH8/Jk.ASF8jLMeUrIAqqF1XiWDN32pmc7wtwy,Vendor
cjimson1w@kickstarter.com,$2y$10$JsBMPw2veFfMeJnGH8/Jk.ASF8jLMeUrIAqqF1XiWDN32pmc7wtwy,Vendor
dgoodinson1x@4shared.com,$2y$10$JsBMPw2veFfMeJnGH8/Jk.ASF8jLMeUrIAqqF1XiWDN32pmc7wtwy,Vendor
vthraves1y@youku.com,$2y$10$JsBMPw2veFfMeJnGH8/Jk.ASF8jLMeUrIAqqF1XiWDN32pmc7wtwy,Vendor
rfanton1z@google.nl,$2y$10$JsBMPw2veFfMeJnGH8/Jk.ASF8jLMeUrIAqqF1XiWDN32pmc7wtwy,Vendor
rgodfroy20@toplist.cz,$2y$10$JsBMPw2veFfMeJnGH8/Jk.ASF8jLMeUrIAqqF1XiWDN32pmc7wtwy,Client
tinnerstone21@istockphoto.com,$2y$10$JsBMPw2veFfMeJnGH8/Jk.ASF8jLMeUrIAqqF1XiWDN32pmc7wtwy,Vendor
dzoephel22@friendfeed.com,$2y$10$JsBMPw2veFfMeJnGH8/Jk.ASF8jLMeUrIAqqF1XiWDN32pmc7wtwy,Vendor
tedards23@weather.com,$2y$10$JsBMPw2veFfMeJnGH8/Jk.ASF8jLMeUrIAqqF1XiWDN32pmc7wtwy,Client
pmallabar24@yellowbook.com,$2y$10$JsBMPw2veFfMeJnGH8/Jk.ASF8jLMeUrIAqqF1XiWDN32pmc7wtwy,Client
zhonnicott25@xinhuanet.com,$2y$10$JsBMPw2veFfMeJnGH8/Jk.ASF8jLMeUrIAqqF1XiWDN32pmc7wtwy,Vendor
cleguey26@walmart.com,$2y$10$JsBMPw2veFfMeJnGH8/Jk.ASF8jLMeUrIAqqF1XiWDN32pmc7wtwy,Vendor
jethridge27@wisc.edu,$2y$10$JsBMPw2veFfMeJnGH8/Jk.ASF8jLMeUrIAqqF1XiWDN32pmc7wtwy,Client
zgilkes28@netlog.com,$2y$10$JsBMPw2veFfMeJnGH8/Jk.ASF8jLMeUrIAqqF1XiWDN32pmc7wtwy,Client
lberrey29@ustream.tv,$2y$10$JsBMPw2veFfMeJnGH8/Jk.ASF8jLMeUrIAqqF1XiWDN32pmc7wtwy,Vendor
sffoulkes2a@dailymail.co.uk,$2y$10$JsBMPw2veFfMeJnGH8/Jk.ASF8jLMeUrIAqqF1XiWDN32pmc7wtwy,Vendor
cshevlin2b@netlog.com,$2y$10$JsBMPw2veFfMeJnGH8/Jk.ASF8jLMeUrIAqqF1XiWDN32pmc7wtwy,Client
hnarey2c@macromedia.com,$2y$10$JsBMPw2veFfMeJnGH8/Jk.ASF8jLMeUrIAqqF1XiWDN32pmc7wtwy,Client
ctetsall2d@fotki.com,$2y$10$JsBMPw2veFfMeJnGH8/Jk.ASF8jLMeUrIAqqF1XiWDN32pmc7wtwy,Vendor
thaythorne2e@samsung.com,$2y$10$JsBMPw2veFfMeJnGH8/Jk.ASF8jLMeUrIAqqF1XiWDN32pmc7wtwy,Vendor
rmurford2f@godaddy.com,$2y$10$JsBMPw2veFfMeJnGH8/Jk.ASF8jLMeUrIAqqF1XiWDN32pmc7wtwy,Vendor
vleathes2g@globo.com,$2y$10$JsBMPw2veFfMeJnGH8/Jk.ASF8jLMeUrIAqqF1XiWDN32pmc7wtwy,Vendor
jmanby2h@wikispaces.com,$2y$10$JsBMPw2veFfMeJnGH8/Jk.ASF8jLMeUrIAqqF1XiWDN32pmc7wtwy,Vendor
ahawton2i@wired.com,$2y$10$JsBMPw2veFfMeJnGH8/Jk.ASF8jLMeUrIAqqF1XiWDN32pmc7wtwy,Vendor
hkeelin2j@japanpost.jp,$2y$10$JsBMPw2veFfMeJnGH8/Jk.ASF8jLMeUrIAqqF1XiWDN32pmc7wtwy,Vendor
mhane2k@apache.org,$2y$10$JsBMPw2veFfMeJnGH8/Jk.ASF8jLMeUrIAqqF1XiWDN32pmc7wtwy,Vendor
fmoynihan2l@jigsy.com,$2y$10$JsBMPw2veFfMeJnGH8/Jk.ASF8jLMeUrIAqqF1XiWDN32pmc7wtwy,Client
hrattray2m@disqus.com,$2y$10$JsBMPw2veFfMeJnGH8/Jk.ASF8jLMeUrIAqqF1XiWDN32pmc7wtwy,Client
kmccrone2n@is.gd,$2y$10$JsBMPw2veFfMeJnGH8/Jk.ASF8jLMeUrIAqqF1XiWDN32pmc7wtwy,Vendor
oyuryaev2o@odnoklassniki.ru,$2y$10$JsBMPw2veFfMeJnGH8/Jk.ASF8jLMeUrIAqqF1XiWDN32pmc7wtwy,Client
smount2p@digg.com,$2y$10$JsBMPw2veFfMeJnGH8/Jk.ASF8jLMeUrIAqqF1XiWDN32pmc7wtwy,Vendor
wiglesia2q@cdbaby.com,$2y$10$JsBMPw2veFfMeJnGH8/Jk.ASF8jLMeUrIAqqF1XiWDN32pmc7wtwy,Vendor
shassent2r@ask.com,$2y$10$JsBMPw2veFfMeJnGH8/Jk.ASF8jLMeUrIAqqF1XiWDN32pmc7wtwy,Client
iandri2s@nsw.gov.au,$2y$10$JsBMPw2veFfMeJnGH8/Jk.ASF8jLMeUrIAqqF1XiWDN32pmc7wtwy,Client
nclaridge2t@nasa.gov,$2y$10$JsBMPw2veFfMeJnGH8/Jk.ASF8jLMeUrIAqqF1XiWDN32pmc7wtwy,Vendor
kbrownhill2u@symantec.com,$2y$10$JsBMPw2veFfMeJnGH8/Jk.ASF8jLMeUrIAqqF1XiWDN32pmc7wtwy,Client
vtremellier2v@freewebs.com,$2y$10$JsBMPw2veFfMeJnGH8/Jk.ASF8jLMeUrIAqqF1XiWDN32pmc7wtwy,Vendor
mfrewer2w@yellowpages.com,$2y$10$JsBMPw2veFfMeJnGH8/Jk.ASF8jLMeUrIAqqF1XiWDN32pmc7wtwy,Vendor
mfahy2x@discuz.net,$2y$10$JsBMPw2veFfMeJnGH8/Jk.ASF8jLMeUrIAqqF1XiWDN32pmc7wtwy,Client
eglendining2y@squidoo.com,$2y$10$JsBMPw2veFfMeJnGH8/Jk.ASF8jLMeUrIAqqF1XiWDN32pmc7wtwy,Client
ljardin2z@accuweather.com,$2y$10$JsBMPw2veFfMeJnGH8/Jk.ASF8jLMeUrIAqqF1XiWDN32pmc7wtwy,Vendor
rwhitear30@ning.com,$2y$10$JsBMPw2veFfMeJnGH8/Jk.ASF8jLMeUrIAqqF1XiWDN32pmc7wtwy,Vendor
cmuslim31@wikispaces.com,$2y$10$JsBMPw2veFfMeJnGH8/Jk.ASF8jLMeUrIAqqF1XiWDN32pmc7wtwy,Client
gbenford32@ask.com,$2y$10$JsBMPw2veFfMeJnGH8/Jk.ASF8jLMeUrIAqqF1XiWDN32pmc7wtwy,Vendor
bmarney33@clickbank.net,$2y$10$JsBMPw2veFfMeJnGH8/Jk.ASF8jLMeUrIAqqF1XiWDN32pmc7wtwy,Vendor
mmakepeace34@1und1.de,$2y$10$JsBMPw2veFfMeJnGH8/Jk.ASF8jLMeUrIAqqF1XiWDN32pmc7wtwy,Client
scursey35@amazon.co.uk,$2y$10$JsBMPw2veFfMeJnGH8/Jk.ASF8jLMeUrIAqqF1XiWDN32pmc7wtwy,Vendor
nmcalpin36@mac.com,$2y$10$JsBMPw2veFfMeJnGH8/Jk.ASF8jLMeUrIAqqF1XiWDN32pmc7wtwy,Vendor
gitzhak37@last.fm,$2y$10$JsBMPw2veFfMeJnGH8/Jk.ASF8jLMeUrIAqqF1XiWDN32pmc7wtwy,Client
ckalisz38@nps.gov,$2y$10$JsBMPw2veFfMeJnGH8/Jk.ASF8jLMeUrIAqqF1XiWDN32pmc7wtwy,Client
aessberger39@slashdot.org,$2y$10$JsBMPw2veFfMeJnGH8/Jk.ASF8jLMeUrIAqqF1XiWDN32pmc7wtwy,Client
lknagges3a@desdev.cn,$2y$10$JsBMPw2veFfMeJnGH8/Jk.ASF8jLMeUrIAqqF1XiWDN32pmc7wtwy,Vendor
charkes3b@washingtonpost.com,$2y$10$JsBMPw2veFfMeJnGH8/Jk.ASF8jLMeUrIAqqF1XiWDN32pmc7wtwy,Client
ablitzer3c@hc360.com,$2y$10$JsBMPw2veFfMeJnGH8/Jk.ASF8jLMeUrIAqqF1XiWDN32pmc7wtwy,Client
amcgerraghty3d@bing.com,$2y$10$JsBMPw2veFfMeJnGH8/Jk.ASF8jLMeUrIAqqF1XiWDN32pmc7wtwy,Client
kmeagh3e@networkadvertising.org,$2y$10$JsBMPw2veFfMeJnGH8/Jk.ASF8jLMeUrIAqqF1XiWDN32pmc7wtwy,Client
jandersen3f@ed.gov,$2y$10$JsBMPw2veFfMeJnGH8/Jk.ASF8jLMeUrIAqqF1XiWDN32pmc7wtwy,Vendor
mkingsworth3g@miitbeian.gov.cn,$2y$10$JsBMPw2veFfMeJnGH8/Jk.ASF8jLMeUrIAqqF1XiWDN32pmc7wtwy,Vendor
bgauche3h@nydailynews.com,$2y$10$JsBMPw2veFfMeJnGH8/Jk.ASF8jLMeUrIAqqF1XiWDN32pmc7wtwy,Client
jkiwitz3i@tmall.com,$2y$10$JsBMPw2veFfMeJnGH8/Jk.ASF8jLMeUrIAqqF1XiWDN32pmc7wtwy,Client
ddunkley3j@google.pl,$2y$10$JsBMPw2veFfMeJnGH8/Jk.ASF8jLMeUrIAqqF1XiWDN32pmc7wtwy,Vendor
rbullers3k@google.com.au,$2y$10$JsBMPw2veFfMeJnGH8/Jk.ASF8jLMeUrIAqqF1XiWDN32pmc7wtwy,Vendor
aready3l@about.com,$2y$10$JsBMPw2veFfMeJnGH8/Jk.ASF8jLMeUrIAqqF1XiWDN32pmc7wtwy,Client
kyewen3m@marketwatch.com,$2y$10$JsBMPw2veFfMeJnGH8/Jk.ASF8jLMeUrIAqqF1XiWDN32pmc7wtwy,Vendor
rabramsky3n@privacy.gov.au,$2y$10$JsBMPw2veFfMeJnGH8/Jk.ASF8jLMeUrIAqqF1XiWDN32pmc7wtwy,Vendor
lhusbands3o@clickbank.net,$2y$10$JsBMPw2veFfMeJnGH8/Jk.ASF8jLMeUrIAqqF1XiWDN32pmc7wtwy,Vendor
bdungey3p@goodreads.com,$2y$10$JsBMPw2veFfMeJnGH8/Jk.ASF8jLMeUrIAqqF1XiWDN32pmc7wtwy,Client
kham3q@ycombinator.com,$2y$10$JsBMPw2veFfMeJnGH8/Jk.ASF8jLMeUrIAqqF1XiWDN32pmc7wtwy,Client
abrosh3r@webmd.com,$2y$10$JsBMPw2veFfMeJnGH8/Jk.ASF8jLMeUrIAqqF1XiWDN32pmc7wtwy,Vendor
mmarcq3s@wufoo.com,$2y$10$JsBMPw2veFfMeJnGH8/Jk.ASF8jLMeUrIAqqF1XiWDN32pmc7wtwy,Client
jlibbey3t@reddit.com,$2y$10$JsBMPw2veFfMeJnGH8/Jk.ASF8jLMeUrIAqqF1XiWDN32pmc7wtwy,Client
rvallantine3u@newyorker.com,$2y$10$JsBMPw2veFfMeJnGH8/Jk.ASF8jLMeUrIAqqF1XiWDN32pmc7wtwy,Vendor
tbeamish3v@istockphoto.com,$2y$10$JsBMPw2veFfMeJnGH8/Jk.ASF8jLMeUrIAqqF1XiWDN32pmc7wtwy,Client
mdederick3w@github.io,$2y$10$JsBMPw2veFfMeJnGH8/Jk.ASF8jLMeUrIAqqF1XiWDN32pmc7wtwy,Vendor
lbrummell3x@edublogs.org,$2y$10$JsBMPw2veFfMeJnGH8/Jk.ASF8jLMeUrIAqqF1XiWDN32pmc7wtwy,Client
wkail3y@barnesandnoble.com,$2y$10$JsBMPw2veFfMeJnGH8/Jk.ASF8jLMeUrIAqqF1XiWDN32pmc7wtwy,Client
astockell3z@virginia.edu,$2y$10$JsBMPw2veFfMeJnGH8/Jk.ASF8jLMeUrIAqqF1XiWDN32pmc7wtwy,Client
oabrahamsen40@diigo.com,$2y$10$JsBMPw2veFfMeJnGH8/Jk.ASF8jLMeUrIAqqF1XiWDN32pmc7wtwy,Client
rdrage41@dedecms.com,$2y$10$JsBMPw2veFfMeJnGH8/Jk.ASF8jLMeUrIAqqF1XiWDN32pmc7wtwy,Vendor
jlille42@baidu.com,$2y$10$JsBMPw2veFfMeJnGH8/Jk.ASF8jLMeUrIAqqF1XiWDN32pmc7wtwy,Vendor
bcowser43@prweb.com,$2y$10$JsBMPw2veFfMeJnGH8/Jk.ASF8jLMeUrIAqqF1XiWDN32pmc7wtwy,Client
dstacy44@google.com.hk,$2y$10$JsBMPw2veFfMeJnGH8/Jk.ASF8jLMeUrIAqqF1XiWDN32pmc7wtwy,Vendor
mmacnockater45@china.com.cn,$2y$10$JsBMPw2veFfMeJnGH8/Jk.ASF8jLMeUrIAqqF1XiWDN32pmc7wtwy,Client
mcavozzi46@techcrunch.com,$2y$10$JsBMPw2veFfMeJnGH8/Jk.ASF8jLMeUrIAqqF1XiWDN32pmc7wtwy,Vendor
aupcraft47@mozilla.com,$2y$10$JsBMPw2veFfMeJnGH8/Jk.ASF8jLMeUrIAqqF1XiWDN32pmc7wtwy,Client
sbelchambers48@mit.edu,$2y$10$JsBMPw2veFfMeJnGH8/Jk.ASF8jLMeUrIAqqF1XiWDN32pmc7wtwy,Vendor
rmacro49@mit.edu,$2y$10$JsBMPw2veFfMeJnGH8/Jk.ASF8jLMeUrIAqqF1XiWDN32pmc7wtwy,Vendor
bmattityahou4a@rambler.ru,$2y$10$JsBMPw2veFfMeJnGH8/Jk.ASF8jLMeUrIAqqF1XiWDN32pmc7wtwy,Client
calred4b@google.co.uk,$2y$10$JsBMPw2veFfMeJnGH8/Jk.ASF8jLMeUrIAqqF1XiWDN32pmc7wtwy,Vendor
twharf4c@flickr.com,$2y$10$JsBMPw2veFfMeJnGH8/Jk.ASF8jLMeUrIAqqF1XiWDN32pmc7wtwy,Vendor
gantham4d@msn.com,$2y$10$JsBMPw2veFfMeJnGH8/Jk.ASF8jLMeUrIAqqF1XiWDN32pmc7wtwy,Vendor
avenmore4e@china.com.cn,$2y$10$JsBMPw2veFfMeJnGH8/Jk.ASF8jLMeUrIAqqF1XiWDN32pmc7wtwy,Client
kgolsby4f@umn.edu,$2y$10$JsBMPw2veFfMeJnGH8/Jk.ASF8jLMeUrIAqqF1XiWDN32pmc7wtwy,Client
agoodwill4g@telegraph.co.uk,$2y$10$JsBMPw2veFfMeJnGH8/Jk.ASF8jLMeUrIAqqF1XiWDN32pmc7wtwy,Client
ndaulby4h@imdb.com,$2y$10$JsBMPw2veFfMeJnGH8/Jk.ASF8jLMeUrIAqqF1XiWDN32pmc7wtwy,Client
jhugues4i@comsenz.com,$2y$10$JsBMPw2veFfMeJnGH8/Jk.ASF8jLMeUrIAqqF1XiWDN32pmc7wtwy,Client
bblamires4j@msn.com,$2y$10$JsBMPw2veFfMeJnGH8/Jk.ASF8jLMeUrIAqqF1XiWDN32pmc7wtwy,Vendor
ccoe4k@narod.ru,$2y$10$JsBMPw2veFfMeJnGH8/Jk.ASF8jLMeUrIAqqF1XiWDN32pmc7wtwy,Vendor
rthornally4l@tuttocitta.it,$2y$10$JsBMPw2veFfMeJnGH8/Jk.ASF8jLMeUrIAqqF1XiWDN32pmc7wtwy,Client
ldoudney4m@addtoany.com,$2y$10$JsBMPw2veFfMeJnGH8/Jk.ASF8jLMeUrIAqqF1XiWDN32pmc7wtwy,Vendor
nlackington4n@pinterest.com,$2y$10$JsBMPw2veFfMeJnGH8/Jk.ASF8jLMeUrIAqqF1XiWDN32pmc7wtwy,Vendor
cgoldsberry4o@blinklist.com,$2y$10$JsBMPw2veFfMeJnGH8/Jk.ASF8jLMeUrIAqqF1XiWDN32pmc7wtwy,Vendor
blindstedt4p@census.gov,$2y$10$JsBMPw2veFfMeJnGH8/Jk.ASF8jLMeUrIAqqF1XiWDN32pmc7wtwy,Vendor
gdeary4q@archive.org,$2y$10$JsBMPw2veFfMeJnGH8/Jk.ASF8jLMeUrIAqqF1XiWDN32pmc7wtwy,Client
dgiral4r@unesco.org,$2y$10$JsBMPw2veFfMeJnGH8/Jk.ASF8jLMeUrIAqqF1XiWDN32pmc7wtwy,Client
mknapp4s@trellian.com,$2y$10$JsBMPw2veFfMeJnGH8/Jk.ASF8jLMeUrIAqqF1XiWDN32pmc7wtwy,Vendor
pduran4t@cyberchimps.com,$2y$10$JsBMPw2veFfMeJnGH8/Jk.ASF8jLMeUrIAqqF1XiWDN32pmc7wtwy,Client
mlis4u@uol.com.br,$2y$10$JsBMPw2veFfMeJnGH8/Jk.ASF8jLMeUrIAqqF1XiWDN32pmc7wtwy,Client
bpaterno4v@comsenz.com,$2y$10$JsBMPw2veFfMeJnGH8/Jk.ASF8jLMeUrIAqqF1XiWDN32pmc7wtwy,Vendor
bperet4w@paypal.com,$2y$10$JsBMPw2veFfMeJnGH8/Jk.ASF8jLMeUrIAqqF1XiWDN32pmc7wtwy,Vendor
lpavlovic4x@surveymonkey.com,$2y$10$JsBMPw2veFfMeJnGH8/Jk.ASF8jLMeUrIAqqF1XiWDN32pmc7wtwy,Vendor
syakovlev4y@springer.com,$2y$10$JsBMPw2veFfMeJnGH8/Jk.ASF8jLMeUrIAqqF1XiWDN32pmc7wtwy,Vendor
tdiem4z@techcrunch.com,$2y$10$JsBMPw2veFfMeJnGH8/Jk.ASF8jLMeUrIAqqF1XiWDN32pmc7wtwy,Client
gwillcot50@istockphoto.com,$2y$10$JsBMPw2veFfMeJnGH8/Jk.ASF8jLMeUrIAqqF1XiWDN32pmc7wtwy,Client
alebond51@un.org,$2y$10$JsBMPw2veFfMeJnGH8/Jk.ASF8jLMeUrIAqqF1XiWDN32pmc7wtwy,Client
jpinnick52@joomla.org,$2y$10$JsBMPw2veFfMeJnGH8/Jk.ASF8jLMeUrIAqqF1XiWDN32pmc7wtwy,Client
ssproat53@google.nl,$2y$10$JsBMPw2veFfMeJnGH8/Jk.ASF8jLMeUrIAqqF1XiWDN32pmc7wtwy,Client
dbourbon54@sciencedirect.com,$2y$10$JsBMPw2veFfMeJnGH8/Jk.ASF8jLMeUrIAqqF1XiWDN32pmc7wtwy,Client
asimeonov55@mashable.com,$2y$10$JsBMPw2veFfMeJnGH8/Jk.ASF8jLMeUrIAqqF1XiWDN32pmc7wtwy,Vendor
tdown56@examiner.com,$2y$10$JsBMPw2veFfMeJnGH8/Jk.ASF8jLMeUrIAqqF1XiWDN32pmc7wtwy,Client
dboick57@opensource.org,$2y$10$JsBMPw2veFfMeJnGH8/Jk.ASF8jLMeUrIAqqF1XiWDN32pmc7wtwy,Client
dolyfant58@hatena.ne.jp,$2y$10$JsBMPw2veFfMeJnGH8/Jk.ASF8jLMeUrIAqqF1XiWDN32pmc7wtwy,Vendor
kveasey59@meetup.com,$2y$10$JsBMPw2veFfMeJnGH8/Jk.ASF8jLMeUrIAqqF1XiWDN32pmc7wtwy,Client
jatmore5a@netlog.com,$2y$10$JsBMPw2veFfMeJnGH8/Jk.ASF8jLMeUrIAqqF1XiWDN32pmc7wtwy,Client
dcraghead5b@ihg.com,$2y$10$JsBMPw2veFfMeJnGH8/Jk.ASF8jLMeUrIAqqF1XiWDN32pmc7wtwy,Client
vconechie5c@boston.com,$2y$10$JsBMPw2veFfMeJnGH8/Jk.ASF8jLMeUrIAqqF1XiWDN32pmc7wtwy,Vendor
ntanby5d@ebay.com,$2y$10$JsBMPw2veFfMeJnGH8/Jk.ASF8jLMeUrIAqqF1XiWDN32pmc7wtwy,Client
mparramore5e@uiuc.edu,$2y$10$JsBMPw2veFfMeJnGH8/Jk.ASF8jLMeUrIAqqF1XiWDN32pmc7wtwy,Client
ehenbury5f@prnewswire.com,$2y$10$JsBMPw2veFfMeJnGH8/Jk.ASF8jLMeUrIAqqF1XiWDN32pmc7wtwy,Client
oprandoni5g@ameblo.jp,$2y$10$JsBMPw2veFfMeJnGH8/Jk.ASF8jLMeUrIAqqF1XiWDN32pmc7wtwy,Vendor
fvivian5h@slashdot.org,$2y$10$JsBMPw2veFfMeJnGH8/Jk.ASF8jLMeUrIAqqF1XiWDN32pmc7wtwy,Vendor
acardozo5i@ft.com,$2y$10$JsBMPw2veFfMeJnGH8/Jk.ASF8jLMeUrIAqqF1XiWDN32pmc7wtwy,Vendor
kackeroyd5j@hao123.com,$2y$10$JsBMPw2veFfMeJnGH8/Jk.ASF8jLMeUrIAqqF1XiWDN32pmc7wtwy,Client
lguslon5k@histats.com,$2y$10$JsBMPw2veFfMeJnGH8/Jk.ASF8jLMeUrIAqqF1XiWDN32pmc7wtwy,Client
barnoll5l@prnewswire.com,$2y$10$JsBMPw2veFfMeJnGH8/Jk.ASF8jLMeUrIAqqF1XiWDN32pmc7wtwy,Vendor
edemars5m@netlog.com,$2y$10$JsBMPw2veFfMeJnGH8/Jk.ASF8jLMeUrIAqqF1XiWDN32pmc7wtwy,Vendor
kbowker5n@google.co.uk,$2y$10$JsBMPw2veFfMeJnGH8/Jk.ASF8jLMeUrIAqqF1XiWDN32pmc7wtwy,Client
anewcombe5o@shareasale.com,$2y$10$JsBMPw2veFfMeJnGH8/Jk.ASF8jLMeUrIAqqF1XiWDN32pmc7wtwy,Vendor
jarthan5p@redcross.org,$2y$10$JsBMPw2veFfMeJnGH8/Jk.ASF8jLMeUrIAqqF1XiWDN32pmc7wtwy,Vendor
kcogar5q@shareasale.com,$2y$10$JsBMPw2veFfMeJnGH8/Jk.ASF8jLMeUrIAqqF1XiWDN32pmc7wtwy,Vendor
glavielle5r@smh.com.au,$2y$10$JsBMPw2veFfMeJnGH8/Jk.ASF8jLMeUrIAqqF1XiWDN32pmc7wtwy,Vendor
acassius5s@bluehost.com,$2y$10$JsBMPw2veFfMeJnGH8/Jk.ASF8jLMeUrIAqqF1XiWDN32pmc7wtwy,Vendor
owinfred5t@ycombinator.com,$2y$10$JsBMPw2veFfMeJnGH8/Jk.ASF8jLMeUrIAqqF1XiWDN32pmc7wtwy,Client
rhodgets5u@ow.ly,$2y$10$JsBMPw2veFfMeJnGH8/Jk.ASF8jLMeUrIAqqF1XiWDN32pmc7wtwy,Client
chassent5v@smugmug.com,$2y$10$JsBMPw2veFfMeJnGH8/Jk.ASF8jLMeUrIAqqF1XiWDN32pmc7wtwy,Vendor
kklinck5w@bravesites.com,$2y$10$JsBMPw2veFfMeJnGH8/Jk.ASF8jLMeUrIAqqF1XiWDN32pmc7wtwy,Client
hnewbegin5x@wikia.com,$2y$10$JsBMPw2veFfMeJnGH8/Jk.ASF8jLMeUrIAqqF1XiWDN32pmc7wtwy,Vendor
cpook5y@ow.ly,$2y$10$JsBMPw2veFfMeJnGH8/Jk.ASF8jLMeUrIAqqF1XiWDN32pmc7wtwy,Client
hdearth5z@buzzfeed.com,$2y$10$JsBMPw2veFfMeJnGH8/Jk.ASF8jLMeUrIAqqF1XiWDN32pmc7wtwy,Vendor
csimonato60@blinklist.com,$2y$10$JsBMPw2veFfMeJnGH8/Jk.ASF8jLMeUrIAqqF1XiWDN32pmc7wtwy,Vendor
nmcgiffin61@businessweek.com,$2y$10$JsBMPw2veFfMeJnGH8/Jk.ASF8jLMeUrIAqqF1XiWDN32pmc7wtwy,Client
aluparto62@hatena.ne.jp,$2y$10$JsBMPw2veFfMeJnGH8/Jk.ASF8jLMeUrIAqqF1XiWDN32pmc7wtwy,Client
tcobleigh63@plala.or.jp,$2y$10$JsBMPw2veFfMeJnGH8/Jk.ASF8jLMeUrIAqqF1XiWDN32pmc7wtwy,Vendor
scolebeck64@slate.com,$2y$10$JsBMPw2veFfMeJnGH8/Jk.ASF8jLMeUrIAqqF1XiWDN32pmc7wtwy,Client
cprobbin65@slate.com,$2y$10$JsBMPw2veFfMeJnGH8/Jk.ASF8jLMeUrIAqqF1XiWDN32pmc7wtwy,Client
cdrewe66@purevolume.com,$2y$10$JsBMPw2veFfMeJnGH8/Jk.ASF8jLMeUrIAqqF1XiWDN32pmc7wtwy,Client
mhonnicott67@behance.net,$2y$10$JsBMPw2veFfMeJnGH8/Jk.ASF8jLMeUrIAqqF1XiWDN32pmc7wtwy,Client
treinbach68@sun.com,$2y$10$JsBMPw2veFfMeJnGH8/Jk.ASF8jLMeUrIAqqF1XiWDN32pmc7wtwy,Vendor
idiloway69@hibu.com,$2y$10$JsBMPw2veFfMeJnGH8/Jk.ASF8jLMeUrIAqqF1XiWDN32pmc7wtwy,Client
kleuchars6a@nytimes.com,$2y$10$JsBMPw2veFfMeJnGH8/Jk.ASF8jLMeUrIAqqF1XiWDN32pmc7wtwy,Vendor
caskham6b@elegantthemes.com,$2y$10$JsBMPw2veFfMeJnGH8/Jk.ASF8jLMeUrIAqqF1XiWDN32pmc7wtwy,Vendor
lmcginn6c@soup.io,$2y$10$JsBMPw2veFfMeJnGH8/Jk.ASF8jLMeUrIAqqF1XiWDN32pmc7wtwy,Vendor
hnichol6d@shutterfly.com,$2y$10$JsBMPw2veFfMeJnGH8/Jk.ASF8jLMeUrIAqqF1XiWDN32pmc7wtwy,Vendor
reveriss6e@techcrunch.com,$2y$10$JsBMPw2veFfMeJnGH8/Jk.ASF8jLMeUrIAqqF1XiWDN32pmc7wtwy,Vendor
kdibble6f@phoca.cz,$2y$10$JsBMPw2veFfMeJnGH8/Jk.ASF8jLMeUrIAqqF1XiWDN32pmc7wtwy,Client
syanele6g@networkadvertising.org,$2y$10$JsBMPw2veFfMeJnGH8/Jk.ASF8jLMeUrIAqqF1XiWDN32pmc7wtwy,Vendor
tmccory6h@twitpic.com,$2y$10$JsBMPw2veFfMeJnGH8/Jk.ASF8jLMeUrIAqqF1XiWDN32pmc7wtwy,Vendor
afishenden6i@liveinternet.ru,$2y$10$JsBMPw2veFfMeJnGH8/Jk.ASF8jLMeUrIAqqF1XiWDN32pmc7wtwy,Vendor
adicty6j@google.ru,$2y$10$JsBMPw2veFfMeJnGH8/Jk.ASF8jLMeUrIAqqF1XiWDN32pmc7wtwy,Client
kmorland6k@narod.ru,$2y$10$JsBMPw2veFfMeJnGH8/Jk.ASF8jLMeUrIAqqF1XiWDN32pmc7wtwy,Client
ibrushfield6l@wikipedia.org,$2y$10$JsBMPw2veFfMeJnGH8/Jk.ASF8jLMeUrIAqqF1XiWDN32pmc7wtwy,Vendor
bmcmains6m@princeton.edu,$2y$10$JsBMPw2veFfMeJnGH8/Jk.ASF8jLMeUrIAqqF1XiWDN32pmc7wtwy,Client
averegan6n@tamu.edu,$2y$10$JsBMPw2veFfMeJnGH8/Jk.ASF8jLMeUrIAqqF1XiWDN32pmc7wtwy,Vendor
mjedrasik6o@abc.net.au,$2y$10$JsBMPw2veFfMeJnGH8/Jk.ASF8jLMeUrIAqqF1XiWDN32pmc7wtwy,Vendor
lpankhurst6p@jiathis.com,$2y$10$JsBMPw2veFfMeJnGH8/Jk.ASF8jLMeUrIAqqF1XiWDN32pmc7wtwy,Client
eaggio6q@de.vu,$2y$10$JsBMPw2veFfMeJnGH8/Jk.ASF8jLMeUrIAqqF1XiWDN32pmc7wtwy,Vendor
mgilbody6r@360.cn,$2y$10$JsBMPw2veFfMeJnGH8/Jk.ASF8jLMeUrIAqqF1XiWDN32pmc7wtwy,Client
amcnickle6s@ihg.com,$2y$10$JsBMPw2veFfMeJnGH8/Jk.ASF8jLMeUrIAqqF1XiWDN32pmc7wtwy,Client
lteacy6t@icq.com,$2y$10$JsBMPw2veFfMeJnGH8/Jk.ASF8jLMeUrIAqqF1XiWDN32pmc7wtwy,Vendor
dchattock6u@reuters.com,$2y$10$JsBMPw2veFfMeJnGH8/Jk.ASF8jLMeUrIAqqF1XiWDN32pmc7wtwy,Vendor
nsowrah6v@jiathis.com,$2y$10$JsBMPw2veFfMeJnGH8/Jk.ASF8jLMeUrIAqqF1XiWDN32pmc7wtwy,Vendor
smoizer6w@washington.edu,$2y$10$JsBMPw2veFfMeJnGH8/Jk.ASF8jLMeUrIAqqF1XiWDN32pmc7wtwy,Vendor
gbulfield6x@dailymail.co.uk,$2y$10$JsBMPw2veFfMeJnGH8/Jk.ASF8jLMeUrIAqqF1XiWDN32pmc7wtwy,Vendor
bkemell6y@alibaba.com,$2y$10$JsBMPw2veFfMeJnGH8/Jk.ASF8jLMeUrIAqqF1XiWDN32pmc7wtwy,Client
fczajka6z@so-net.ne.jp,$2y$10$JsBMPw2veFfMeJnGH8/Jk.ASF8jLMeUrIAqqF1XiWDN32pmc7wtwy,Client
ecrosskell70@macromedia.com,$2y$10$JsBMPw2veFfMeJnGH8/Jk.ASF8jLMeUrIAqqF1XiWDN32pmc7wtwy,Client
cupstell71@epa.gov,$2y$10$JsBMPw2veFfMeJnGH8/Jk.ASF8jLMeUrIAqqF1XiWDN32pmc7wtwy,Client
dsherratt72@latimes.com,$2y$10$JsBMPw2veFfMeJnGH8/Jk.ASF8jLMeUrIAqqF1XiWDN32pmc7wtwy,Vendor
kriep73@godaddy.com,$2y$10$JsBMPw2veFfMeJnGH8/Jk.ASF8jLMeUrIAqqF1XiWDN32pmc7wtwy,Vendor
galvaro74@mediafire.com,$2y$10$JsBMPw2veFfMeJnGH8/Jk.ASF8jLMeUrIAqqF1XiWDN32pmc7wtwy,Client
fbahia75@addtoany.com,$2y$10$JsBMPw2veFfMeJnGH8/Jk.ASF8jLMeUrIAqqF1XiWDN32pmc7wtwy,Vendor
ldukesbury76@de.vu,$2y$10$JsBMPw2veFfMeJnGH8/Jk.ASF8jLMeUrIAqqF1XiWDN32pmc7wtwy,Vendor
rjerger77@naver.com,$2y$10$JsBMPw2veFfMeJnGH8/Jk.ASF8jLMeUrIAqqF1XiWDN32pmc7wtwy,Vendor
kschwandner78@princeton.edu,$2y$10$JsBMPw2veFfMeJnGH8/Jk.ASF8jLMeUrIAqqF1XiWDN32pmc7wtwy,Client
cdadd79@google.es,$2y$10$JsBMPw2veFfMeJnGH8/Jk.ASF8jLMeUrIAqqF1XiWDN32pmc7wtwy,Client
edalgarnocht7a@aboutads.info,$2y$10$JsBMPw2veFfMeJnGH8/Jk.ASF8jLMeUrIAqqF1XiWDN32pmc7wtwy,Client
rrailton7b@yahoo.com,$2y$10$JsBMPw2veFfMeJnGH8/Jk.ASF8jLMeUrIAqqF1XiWDN32pmc7wtwy,Client
deilers7c@cornell.edu,$2y$10$JsBMPw2veFfMeJnGH8/Jk.ASF8jLMeUrIAqqF1XiWDN32pmc7wtwy,Client
gempringham7d@ovh.net,$2y$10$JsBMPw2veFfMeJnGH8/Jk.ASF8jLMeUrIAqqF1XiWDN32pmc7wtwy,Client
kpepper7e@miibeian.gov.cn,$2y$10$JsBMPw2veFfMeJnGH8/Jk.ASF8jLMeUrIAqqF1XiWDN32pmc7wtwy,Client
fcampbell7f@blogs.com,$2y$10$JsBMPw2veFfMeJnGH8/Jk.ASF8jLMeUrIAqqF1XiWDN32pmc7wtwy,Vendor
cbreckwell7g@bizjournals.com,$2y$10$JsBMPw2veFfMeJnGH8/Jk.ASF8jLMeUrIAqqF1XiWDN32pmc7wtwy,Vendor
amckibben7h@indiatimes.com,$2y$10$JsBMPw2veFfMeJnGH8/Jk.ASF8jLMeUrIAqqF1XiWDN32pmc7wtwy,Vendor
aphillot7i@nbcnews.com,$2y$10$JsBMPw2veFfMeJnGH8/Jk.ASF8jLMeUrIAqqF1XiWDN32pmc7wtwy,Client
atuma7j@webs.com,$2y$10$JsBMPw2veFfMeJnGH8/Jk.ASF8jLMeUrIAqqF1XiWDN32pmc7wtwy,Vendor
zstegers7k@hexun.com,$2y$10$JsBMPw2veFfMeJnGH8/Jk.ASF8jLMeUrIAqqF1XiWDN32pmc7wtwy,Client
sesselin7l@dot.gov,$2y$10$JsBMPw2veFfMeJnGH8/Jk.ASF8jLMeUrIAqqF1XiWDN32pmc7wtwy,Vendor
cmurby7m@seesaa.net,$2y$10$JsBMPw2veFfMeJnGH8/Jk.ASF8jLMeUrIAqqF1XiWDN32pmc7wtwy,Vendor
pgopsall7n@xrea.com,$2y$10$JsBMPw2veFfMeJnGH8/Jk.ASF8jLMeUrIAqqF1XiWDN32pmc7wtwy,Client
fleake7o@naver.com,$2y$10$JsBMPw2veFfMeJnGH8/Jk.ASF8jLMeUrIAqqF1XiWDN32pmc7wtwy,Vendor
jspur7p@ebay.co.uk,$2y$10$JsBMPw2veFfMeJnGH8/Jk.ASF8jLMeUrIAqqF1XiWDN32pmc7wtwy,Client
tcaunce7q@exblog.jp,$2y$10$JsBMPw2veFfMeJnGH8/Jk.ASF8jLMeUrIAqqF1XiWDN32pmc7wtwy,Vendor
cmapstone7r@sakura.ne.jp,$2y$10$JsBMPw2veFfMeJnGH8/Jk.ASF8jLMeUrIAqqF1XiWDN32pmc7wtwy,Client
aaddison7s@cbc.ca,$2y$10$JsBMPw2veFfMeJnGH8/Jk.ASF8jLMeUrIAqqF1XiWDN32pmc7wtwy,Vendor
nbertouloume7t@skype.com,$2y$10$JsBMPw2veFfMeJnGH8/Jk.ASF8jLMeUrIAqqF1XiWDN32pmc7wtwy,Vendor
gmulchrone7u@hugedomains.com,$2y$10$JsBMPw2veFfMeJnGH8/Jk.ASF8jLMeUrIAqqF1XiWDN32pmc7wtwy,Vendor
ledscer7v@sciencedaily.com,$2y$10$JsBMPw2veFfMeJnGH8/Jk.ASF8jLMeUrIAqqF1XiWDN32pmc7wtwy,Client
htuer7w@newyorker.com,$2y$10$JsBMPw2veFfMeJnGH8/Jk.ASF8jLMeUrIAqqF1XiWDN32pmc7wtwy,Vendor
ybroadstock7x@fema.gov,$2y$10$JsBMPw2veFfMeJnGH8/Jk.ASF8jLMeUrIAqqF1XiWDN32pmc7wtwy,Vendor
dnickoles7y@guardian.co.uk,$2y$10$JsBMPw2veFfMeJnGH8/Jk.ASF8jLMeUrIAqqF1XiWDN32pmc7wtwy,Client
zclute7z@myspace.com,$2y$10$JsBMPw2veFfMeJnGH8/Jk.ASF8jLMeUrIAqqF1XiWDN32pmc7wtwy,Client
bgovey80@netlog.com,$2y$10$JsBMPw2veFfMeJnGH8/Jk.ASF8jLMeUrIAqqF1XiWDN32pmc7wtwy,Vendor
rlammas81@creativecommons.org,$2y$10$JsBMPw2veFfMeJnGH8/Jk.ASF8jLMeUrIAqqF1XiWDN32pmc7wtwy,Vendor
mmacbrearty82@canalblog.com,$2y$10$JsBMPw2veFfMeJnGH8/Jk.ASF8jLMeUrIAqqF1XiWDN32pmc7wtwy,Client
eplane83@apache.org,$2y$10$JsBMPw2veFfMeJnGH8/Jk.ASF8jLMeUrIAqqF1XiWDN32pmc7wtwy,Client
sgaroghan84@dell.com,$2y$10$JsBMPw2veFfMeJnGH8/Jk.ASF8jLMeUrIAqqF1XiWDN32pmc7wtwy,Vendor
thalliberton85@pbs.org,$2y$10$JsBMPw2veFfMeJnGH8/Jk.ASF8jLMeUrIAqqF1XiWDN32pmc7wtwy,Client
mhenri86@businessinsider.com,$2y$10$JsBMPw2veFfMeJnGH8/Jk.ASF8jLMeUrIAqqF1XiWDN32pmc7wtwy,Client
clawfull87@mayoclinic.com,$2y$10$JsBMPw2veFfMeJnGH8/Jk.ASF8jLMeUrIAqqF1XiWDN32pmc7wtwy,Vendor
wthorogood88@msu.edu,$2y$10$JsBMPw2veFfMeJnGH8/Jk.ASF8jLMeUrIAqqF1XiWDN32pmc7wtwy,Vendor
abithany89@statcounter.com,$2y$10$JsBMPw2veFfMeJnGH8/Jk.ASF8jLMeUrIAqqF1XiWDN32pmc7wtwy,Client
mgettins8a@si.edu,$2y$10$JsBMPw2veFfMeJnGH8/Jk.ASF8jLMeUrIAqqF1XiWDN32pmc7wtwy,Vendor
smusker8b@wufoo.com,$2y$10$JsBMPw2veFfMeJnGH8/Jk.ASF8jLMeUrIAqqF1XiWDN32pmc7wtwy,Vendor
tevamy8c@livejournal.com,$2y$10$JsBMPw2veFfMeJnGH8/Jk.ASF8jLMeUrIAqqF1XiWDN32pmc7wtwy,Vendor
mcannaway8d@google.com,$2y$10$JsBMPw2veFfMeJnGH8/Jk.ASF8jLMeUrIAqqF1XiWDN32pmc7wtwy,Client
hmabone8e@goo.gl,$2y$10$JsBMPw2veFfMeJnGH8/Jk.ASF8jLMeUrIAqqF1XiWDN32pmc7wtwy,Client
maked8f@yandex.ru,$2y$10$JsBMPw2veFfMeJnGH8/Jk.ASF8jLMeUrIAqqF1XiWDN32pmc7wtwy,Client
adaltrey8g@squarespace.com,$2y$10$JsBMPw2veFfMeJnGH8/Jk.ASF8jLMeUrIAqqF1XiWDN32pmc7wtwy,Client
dthompson8h@unc.edu,$2y$10$JsBMPw2veFfMeJnGH8/Jk.ASF8jLMeUrIAqqF1XiWDN32pmc7wtwy,Vendor
rstaziker8i@yellowbook.com,$2y$10$JsBMPw2veFfMeJnGH8/Jk.ASF8jLMeUrIAqqF1XiWDN32pmc7wtwy,Client
jguy8j@weebly.com,$2y$10$JsBMPw2veFfMeJnGH8/Jk.ASF8jLMeUrIAqqF1XiWDN32pmc7wtwy,Client
lgunston8k@foxnews.com,$2y$10$JsBMPw2veFfMeJnGH8/Jk.ASF8jLMeUrIAqqF1XiWDN32pmc7wtwy,Vendor
kdannett8l@hao123.com,$2y$10$JsBMPw2veFfMeJnGH8/Jk.ASF8jLMeUrIAqqF1XiWDN32pmc7wtwy,Client
valcorn8m@archive.org,$2y$10$JsBMPw2veFfMeJnGH8/Jk.ASF8jLMeUrIAqqF1XiWDN32pmc7wtwy,Vendor
vheyworth8n@cyberchimps.com,$2y$10$JsBMPw2veFfMeJnGH8/Jk.ASF8jLMeUrIAqqF1XiWDN32pmc7wtwy,Client
snickless8o@bizjournals.com,$2y$10$JsBMPw2veFfMeJnGH8/Jk.ASF8jLMeUrIAqqF1XiWDN32pmc7wtwy,Client
lknapton8p@canalblog.com,$2y$10$JsBMPw2veFfMeJnGH8/Jk.ASF8jLMeUrIAqqF1XiWDN32pmc7wtwy,Client
hmenghi8q@amazon.com,$2y$10$JsBMPw2veFfMeJnGH8/Jk.ASF8jLMeUrIAqqF1XiWDN32pmc7wtwy,Vendor
dpopping8r@europa.eu,$2y$10$JsBMPw2veFfMeJnGH8/Jk.ASF8jLMeUrIAqqF1XiWDN32pmc7wtwy,Client
mbrockway8s@ow.ly,$2y$10$JsBMPw2veFfMeJnGH8/Jk.ASF8jLMeUrIAqqF1XiWDN32pmc7wtwy,Vendor
zmattock8t@globo.com,$2y$10$JsBMPw2veFfMeJnGH8/Jk.ASF8jLMeUrIAqqF1XiWDN32pmc7wtwy,Client
dedlyn8u@istockphoto.com,$2y$10$JsBMPw2veFfMeJnGH8/Jk.ASF8jLMeUrIAqqF1XiWDN32pmc7wtwy,Vendor
keardley8v@bizjournals.com,$2y$10$JsBMPw2veFfMeJnGH8/Jk.ASF8jLMeUrIAqqF1XiWDN32pmc7wtwy,Client
dfransemai8w@cbsnews.com,$2y$10$JsBMPw2veFfMeJnGH8/Jk.ASF8jLMeUrIAqqF1XiWDN32pmc7wtwy,Client
scrathern8x@wikimedia.org,$2y$10$JsBMPw2veFfMeJnGH8/Jk.ASF8jLMeUrIAqqF1XiWDN32pmc7wtwy,Vendor
kpynn8y@cnn.com,$2y$10$JsBMPw2veFfMeJnGH8/Jk.ASF8jLMeUrIAqqF1XiWDN32pmc7wtwy,Client
kbreckenridge8z@adobe.com,$2y$10$JsBMPw2veFfMeJnGH8/Jk.ASF8jLMeUrIAqqF1XiWDN32pmc7wtwy,Client
lolooney90@ed.gov,$2y$10$JsBMPw2veFfMeJnGH8/Jk.ASF8jLMeUrIAqqF1XiWDN32pmc7wtwy,Vendor
tgeertsen91@columbia.edu,$2y$10$JsBMPw2veFfMeJnGH8/Jk.ASF8jLMeUrIAqqF1XiWDN32pmc7wtwy,Vendor
pgrundell92@nsw.gov.au,$2y$10$JsBMPw2veFfMeJnGH8/Jk.ASF8jLMeUrIAqqF1XiWDN32pmc7wtwy,Vendor
pteresia93@aboutads.info,$2y$10$JsBMPw2veFfMeJnGH8/Jk.ASF8jLMeUrIAqqF1XiWDN32pmc7wtwy,Vendor
ewhiteson94@apple.com,$2y$10$JsBMPw2veFfMeJnGH8/Jk.ASF8jLMeUrIAqqF1XiWDN32pmc7wtwy,Vendor
lnisot95@prweb.com,$2y$10$JsBMPw2veFfMeJnGH8/Jk.ASF8jLMeUrIAqqF1XiWDN32pmc7wtwy,Client
fmatiashvili96@phpbb.com,$2y$10$JsBMPw2veFfMeJnGH8/Jk.ASF8jLMeUrIAqqF1XiWDN32pmc7wtwy,Vendor
mlowre97@cam.ac.uk,$2y$10$JsBMPw2veFfMeJnGH8/Jk.ASF8jLMeUrIAqqF1XiWDN32pmc7wtwy,Client
marchell98@people.com.cn,$2y$10$JsBMPw2veFfMeJnGH8/Jk.ASF8jLMeUrIAqqF1XiWDN32pmc7wtwy,Client
rharrowell99@statcounter.com,$2y$10$JsBMPw2veFfMeJnGH8/Jk.ASF8jLMeUrIAqqF1XiWDN32pmc7wtwy,Client
nsilverwood9a@abc.net.au,$2y$10$JsBMPw2veFfMeJnGH8/Jk.ASF8jLMeUrIAqqF1XiWDN32pmc7wtwy,Vendor
pdecruse9b@tuttocitta.it,$2y$10$JsBMPw2veFfMeJnGH8/Jk.ASF8jLMeUrIAqqF1XiWDN32pmc7wtwy,Vendor
ndinsey9c@flavors.me,$2y$10$JsBMPw2veFfMeJnGH8/Jk.ASF8jLMeUrIAqqF1XiWDN32pmc7wtwy,Vendor
mkitchingman9d@stumbleupon.com,$2y$10$JsBMPw2veFfMeJnGH8/Jk.ASF8jLMeUrIAqqF1XiWDN32pmc7wtwy,Client
gswadlinge9e@dyndns.org,$2y$10$JsBMPw2veFfMeJnGH8/Jk.ASF8jLMeUrIAqqF1XiWDN32pmc7wtwy,Client
ybortolutti9f@nbcnews.com,$2y$10$JsBMPw2veFfMeJnGH8/Jk.ASF8jLMeUrIAqqF1XiWDN32pmc7wtwy,Client
ravieson9g@google.de,$2y$10$JsBMPw2veFfMeJnGH8/Jk.ASF8jLMeUrIAqqF1XiWDN32pmc7wtwy,Client
anaulls9h@sakura.ne.jp,$2y$10$JsBMPw2veFfMeJnGH8/Jk.ASF8jLMeUrIAqqF1XiWDN32pmc7wtwy,Vendor
lpagel9i@friendfeed.com,$2y$10$JsBMPw2veFfMeJnGH8/Jk.ASF8jLMeUrIAqqF1XiWDN32pmc7wtwy,Vendor
smoreing9j@taobao.com,$2y$10$JsBMPw2veFfMeJnGH8/Jk.ASF8jLMeUrIAqqF1XiWDN32pmc7wtwy,Vendor
cmariel9k@spotify.com,$2y$10$JsBMPw2veFfMeJnGH8/Jk.ASF8jLMeUrIAqqF1XiWDN32pmc7wtwy,Vendor
dswindle9l@epa.gov,$2y$10$JsBMPw2veFfMeJnGH8/Jk.ASF8jLMeUrIAqqF1XiWDN32pmc7wtwy,Client
baird9m@indiegogo.com,$2y$10$JsBMPw2veFfMeJnGH8/Jk.ASF8jLMeUrIAqqF1XiWDN32pmc7wtwy,Vendor
cbarritt9n@smh.com.au,$2y$10$JsBMPw2veFfMeJnGH8/Jk.ASF8jLMeUrIAqqF1XiWDN32pmc7wtwy,Vendor
tcowan9o@sogou.com,$2y$10$JsBMPw2veFfMeJnGH8/Jk.ASF8jLMeUrIAqqF1XiWDN32pmc7wtwy,Vendor
rdyhouse9p@digg.com,$2y$10$JsBMPw2veFfMeJnGH8/Jk.ASF8jLMeUrIAqqF1XiWDN32pmc7wtwy,Vendor
dgregor9q@ask.com,$2y$10$JsBMPw2veFfMeJnGH8/Jk.ASF8jLMeUrIAqqF1XiWDN32pmc7wtwy,Client
eyanshinov9r@github.io,$2y$10$JsBMPw2veFfMeJnGH8/Jk.ASF8jLMeUrIAqqF1XiWDN32pmc7wtwy,Vendor
ecicculini9s@issuu.com,$2y$10$JsBMPw2veFfMeJnGH8/Jk.ASF8jLMeUrIAqqF1XiWDN32pmc7wtwy,Client
tklehyn9t@deliciousdays.com,$2y$10$JsBMPw2veFfMeJnGH8/Jk.ASF8jLMeUrIAqqF1XiWDN32pmc7wtwy,Vendor
gdinsale9u@washington.edu,$2y$10$JsBMPw2veFfMeJnGH8/Jk.ASF8jLMeUrIAqqF1XiWDN32pmc7wtwy,Client
hbettanay9v@senate.gov,$2y$10$JsBMPw2veFfMeJnGH8/Jk.ASF8jLMeUrIAqqF1XiWDN32pmc7wtwy,Client
apigrome9w@bloglines.com,$2y$10$JsBMPw2veFfMeJnGH8/Jk.ASF8jLMeUrIAqqF1XiWDN32pmc7wtwy,Client
mcramer9x@gnu.org,$2y$10$JsBMPw2veFfMeJnGH8/Jk.ASF8jLMeUrIAqqF1XiWDN32pmc7wtwy,Vendor
pivashev9y@netscape.com,$2y$10$JsBMPw2veFfMeJnGH8/Jk.ASF8jLMeUrIAqqF1XiWDN32pmc7wtwy,Client
lmcelhargy9z@bloglovin.com,$2y$10$JsBMPw2veFfMeJnGH8/Jk.ASF8jLMeUrIAqqF1XiWDN32pmc7wtwy,Vendor
dscotchmora0@vk.com,$2y$10$JsBMPw2veFfMeJnGH8/Jk.ASF8jLMeUrIAqqF1XiWDN32pmc7wtwy,Vendor
eborketta1@vinaora.com,$2y$10$JsBMPw2veFfMeJnGH8/Jk.ASF8jLMeUrIAqqF1XiWDN32pmc7wtwy,Vendor
lcucinottaa2@i2i.jp,$2y$10$JsBMPw2veFfMeJnGH8/Jk.ASF8jLMeUrIAqqF1XiWDN32pmc7wtwy,Vendor
jmccoya3@columbia.edu,$2y$10$JsBMPw2veFfMeJnGH8/Jk.ASF8jLMeUrIAqqF1XiWDN32pmc7wtwy,Vendor
cfressona4@sun.com,$2y$10$JsBMPw2veFfMeJnGH8/Jk.ASF8jLMeUrIAqqF1XiWDN32pmc7wtwy,Vendor
rcrannisa5@businessinsider.com,$2y$10$JsBMPw2veFfMeJnGH8/Jk.ASF8jLMeUrIAqqF1XiWDN32pmc7wtwy,Vendor
bdibberta6@freewebs.com,$2y$10$JsBMPw2veFfMeJnGH8/Jk.ASF8jLMeUrIAqqF1XiWDN32pmc7wtwy,Client
bclissetta7@t.co,$2y$10$JsBMPw2veFfMeJnGH8/Jk.ASF8jLMeUrIAqqF1XiWDN32pmc7wtwy,Vendor
asymsona8@si.edu,$2y$10$JsBMPw2veFfMeJnGH8/Jk.ASF8jLMeUrIAqqF1XiWDN32pmc7wtwy,Vendor
sgisburnea9@amazon.co.jp,$2y$10$JsBMPw2veFfMeJnGH8/Jk.ASF8jLMeUrIAqqF1XiWDN32pmc7wtwy,Vendor
mbrownbridgeaa@t.co,$2y$10$JsBMPw2veFfMeJnGH8/Jk.ASF8jLMeUrIAqqF1XiWDN32pmc7wtwy,Vendor
smyrkusab@tripod.com,$2y$10$JsBMPw2veFfMeJnGH8/Jk.ASF8jLMeUrIAqqF1XiWDN32pmc7wtwy,Client
arastrickac@amazonaws.com,$2y$10$JsBMPw2veFfMeJnGH8/Jk.ASF8jLMeUrIAqqF1XiWDN32pmc7wtwy,Vendor
wkobkead@omniture.com,$2y$10$JsBMPw2veFfMeJnGH8/Jk.ASF8jLMeUrIAqqF1XiWDN32pmc7wtwy,Vendor
faulettaae@blog.com,$2y$10$JsBMPw2veFfMeJnGH8/Jk.ASF8jLMeUrIAqqF1XiWDN32pmc7wtwy,Vendor
aransleyaf@ning.com,$2y$10$JsBMPw2veFfMeJnGH8/Jk.ASF8jLMeUrIAqqF1XiWDN32pmc7wtwy,Vendor
hosgardbyag@google.it,$2y$10$JsBMPw2veFfMeJnGH8/Jk.ASF8jLMeUrIAqqF1XiWDN32pmc7wtwy,Client
mfullerah@bloglines.com,$2y$10$JsBMPw2veFfMeJnGH8/Jk.ASF8jLMeUrIAqqF1XiWDN32pmc7wtwy,Client
tghilksai@cdbaby.com,$2y$10$JsBMPw2veFfMeJnGH8/Jk.ASF8jLMeUrIAqqF1XiWDN32pmc7wtwy,Client
sthaxteraj@t-online.de,$2y$10$JsBMPw2veFfMeJnGH8/Jk.ASF8jLMeUrIAqqF1XiWDN32pmc7wtwy,Vendor
kwillshearak@wiley.com,$2y$10$JsBMPw2veFfMeJnGH8/Jk.ASF8jLMeUrIAqqF1XiWDN32pmc7wtwy,Client
dcarrollal@yahoo.co.jp,$2y$10$JsBMPw2veFfMeJnGH8/Jk.ASF8jLMeUrIAqqF1XiWDN32pmc7wtwy,Vendor
tgepsonam@cdc.gov,$2y$10$JsBMPw2veFfMeJnGH8/Jk.ASF8jLMeUrIAqqF1XiWDN32pmc7wtwy,Vendor
amaccarlichan@elpais.com,$2y$10$JsBMPw2veFfMeJnGH8/Jk.ASF8jLMeUrIAqqF1XiWDN32pmc7wtwy,Vendor
cflintao@chronoengine.com,$2y$10$JsBMPw2veFfMeJnGH8/Jk.ASF8jLMeUrIAqqF1XiWDN32pmc7wtwy,Vendor
fmeadwayap@toplist.cz,$2y$10$JsBMPw2veFfMeJnGH8/Jk.ASF8jLMeUrIAqqF1XiWDN32pmc7wtwy,Vendor
abrockaq@twitpic.com,$2y$10$JsBMPw2veFfMeJnGH8/Jk.ASF8jLMeUrIAqqF1XiWDN32pmc7wtwy,Client
cyssonar@plala.or.jp,$2y$10$JsBMPw2veFfMeJnGH8/Jk.ASF8jLMeUrIAqqF1XiWDN32pmc7wtwy,Vendor
sdeabillas@dailymotion.com,$2y$10$JsBMPw2veFfMeJnGH8/Jk.ASF8jLMeUrIAqqF1XiWDN32pmc7wtwy,Vendor
pkasbyeat@howstuffworks.com,$2y$10$JsBMPw2veFfMeJnGH8/Jk.ASF8jLMeUrIAqqF1XiWDN32pmc7wtwy,Client
mbartensau@rambler.ru,$2y$10$JsBMPw2veFfMeJnGH8/Jk.ASF8jLMeUrIAqqF1XiWDN32pmc7wtwy,Vendor
emacaulayav@timesonline.co.uk,$2y$10$JsBMPw2veFfMeJnGH8/Jk.ASF8jLMeUrIAqqF1XiWDN32pmc7wtwy,Client
kstedeaw@nsw.gov.au,$2y$10$JsBMPw2veFfMeJnGH8/Jk.ASF8jLMeUrIAqqF1XiWDN32pmc7wtwy,Vendor
sboothroydax@cisco.com,$2y$10$JsBMPw2veFfMeJnGH8/Jk.ASF8jLMeUrIAqqF1XiWDN32pmc7wtwy,Vendor
lstubbinay@t.co,$2y$10$JsBMPw2veFfMeJnGH8/Jk.ASF8jLMeUrIAqqF1XiWDN32pmc7wtwy,Vendor
csessionsaz@virginia.edu,$2y$10$JsBMPw2veFfMeJnGH8/Jk.ASF8jLMeUrIAqqF1XiWDN32pmc7wtwy,Client
kbrotherickb0@businessweek.com,$2y$10$JsBMPw2veFfMeJnGH8/Jk.ASF8jLMeUrIAqqF1XiWDN32pmc7wtwy,Vendor
cleatherbarrowb1@hubpages.com,$2y$10$JsBMPw2veFfMeJnGH8/Jk.ASF8jLMeUrIAqqF1XiWDN32pmc7wtwy,Client
mchillingworthb2@bbc.co.uk,$2y$10$JsBMPw2veFfMeJnGH8/Jk.ASF8jLMeUrIAqqF1XiWDN32pmc7wtwy,Vendor
jeliesb3@github.com,$2y$10$JsBMPw2veFfMeJnGH8/Jk.ASF8jLMeUrIAqqF1XiWDN32pmc7wtwy,Client
fvansalzbergerb4@oaic.gov.au,$2y$10$JsBMPw2veFfMeJnGH8/Jk.ASF8jLMeUrIAqqF1XiWDN32pmc7wtwy,Vendor
ngraveb5@psu.edu,$2y$10$JsBMPw2veFfMeJnGH8/Jk.ASF8jLMeUrIAqqF1XiWDN32pmc7wtwy,Client
jhaffardb6@baidu.com,$2y$10$JsBMPw2veFfMeJnGH8/Jk.ASF8jLMeUrIAqqF1XiWDN32pmc7wtwy,Client
dbringloeb7@spotify.com,$2y$10$JsBMPw2veFfMeJnGH8/Jk.ASF8jLMeUrIAqqF1XiWDN32pmc7wtwy,Vendor
phaysomb8@webeden.co.uk,$2y$10$JsBMPw2veFfMeJnGH8/Jk.ASF8jLMeUrIAqqF1XiWDN32pmc7wtwy,Client
bwalderab9@google.pl,$2y$10$JsBMPw2veFfMeJnGH8/Jk.ASF8jLMeUrIAqqF1XiWDN32pmc7wtwy,Vendor
tjudkinsba@google.es,$2y$10$JsBMPw2veFfMeJnGH8/Jk.ASF8jLMeUrIAqqF1XiWDN32pmc7wtwy,Vendor
bcarriganbb@bandcamp.com,$2y$10$JsBMPw2veFfMeJnGH8/Jk.ASF8jLMeUrIAqqF1XiWDN32pmc7wtwy,Client
sfearnehoughbc@prnewswire.com,$2y$10$JsBMPw2veFfMeJnGH8/Jk.ASF8jLMeUrIAqqF1XiWDN32pmc7wtwy,Client
ldurbinbd@dell.com,$2y$10$JsBMPw2veFfMeJnGH8/Jk.ASF8jLMeUrIAqqF1XiWDN32pmc7wtwy,Vendor
tbonehambe@rediff.com,$2y$10$JsBMPw2veFfMeJnGH8/Jk.ASF8jLMeUrIAqqF1XiWDN32pmc7wtwy,Client
jcunnanebf@canalblog.com,$2y$10$JsBMPw2veFfMeJnGH8/Jk.ASF8jLMeUrIAqqF1XiWDN32pmc7wtwy,Client
kcastagnabg@networkadvertising.org,$2y$10$JsBMPw2veFfMeJnGH8/Jk.ASF8jLMeUrIAqqF1XiWDN32pmc7wtwy,Vendor
tnezeybh@acquirethisname.com,$2y$10$JsBMPw2veFfMeJnGH8/Jk.ASF8jLMeUrIAqqF1XiWDN32pmc7wtwy,Client
ngirauldbi@xing.com,$2y$10$JsBMPw2veFfMeJnGH8/Jk.ASF8jLMeUrIAqqF1XiWDN32pmc7wtwy,Client
eyieldingbj@over-blog.com,$2y$10$JsBMPw2veFfMeJnGH8/Jk.ASF8jLMeUrIAqqF1XiWDN32pmc7wtwy,Client
gduffillbk@weebly.com,$2y$10$JsBMPw2veFfMeJnGH8/Jk.ASF8jLMeUrIAqqF1XiWDN32pmc7wtwy,Vendor
kmainstonbl@163.com,$2y$10$JsBMPw2veFfMeJnGH8/Jk.ASF8jLMeUrIAqqF1XiWDN32pmc7wtwy,Client
aheynenbm@apache.org,$2y$10$JsBMPw2veFfMeJnGH8/Jk.ASF8jLMeUrIAqqF1XiWDN32pmc7wtwy,Vendor
hburdenbn@stanford.edu,$2y$10$JsBMPw2veFfMeJnGH8/Jk.ASF8jLMeUrIAqqF1XiWDN32pmc7wtwy,Vendor
jschechterbo@indiegogo.com,$2y$10$JsBMPw2veFfMeJnGH8/Jk.ASF8jLMeUrIAqqF1XiWDN32pmc7wtwy,Client
clileybp@theatlantic.com,$2y$10$JsBMPw2veFfMeJnGH8/Jk.ASF8jLMeUrIAqqF1XiWDN32pmc7wtwy,Client
njewesbq@bloomberg.com,$2y$10$JsBMPw2veFfMeJnGH8/Jk.ASF8jLMeUrIAqqF1XiWDN32pmc7wtwy,Client
fjohnikinbr@blogger.com,$2y$10$JsBMPw2veFfMeJnGH8/Jk.ASF8jLMeUrIAqqF1XiWDN32pmc7wtwy,Vendor
sthawbs@washingtonpost.com,$2y$10$JsBMPw2veFfMeJnGH8/Jk.ASF8jLMeUrIAqqF1XiWDN32pmc7wtwy,Client
jballambt@howstuffworks.com,$2y$10$JsBMPw2veFfMeJnGH8/Jk.ASF8jLMeUrIAqqF1XiWDN32pmc7wtwy,Vendor
etresvinabu@pen.io,$2y$10$JsBMPw2veFfMeJnGH8/Jk.ASF8jLMeUrIAqqF1XiWDN32pmc7wtwy,Vendor
ctimberlakebv@telegraph.co.uk,$2y$10$JsBMPw2veFfMeJnGH8/Jk.ASF8jLMeUrIAqqF1XiWDN32pmc7wtwy,Client
gphilottbw@rakuten.co.jp,$2y$10$JsBMPw2veFfMeJnGH8/Jk.ASF8jLMeUrIAqqF1XiWDN32pmc7wtwy,Vendor
mgiacomuccibx@yahoo.com,$2y$10$JsBMPw2veFfMeJnGH8/Jk.ASF8jLMeUrIAqqF1XiWDN32pmc7wtwy,Vendor
loglesby@constantcontact.com,$2y$10$JsBMPw2veFfMeJnGH8/Jk.ASF8jLMeUrIAqqF1XiWDN32pmc7wtwy,Client
taldcornbz@angelfire.com,$2y$10$JsBMPw2veFfMeJnGH8/Jk.ASF8jLMeUrIAqqF1XiWDN32pmc7wtwy,Vendor
knuthc0@wix.com,$2y$10$JsBMPw2veFfMeJnGH8/Jk.ASF8jLMeUrIAqqF1XiWDN32pmc7wtwy,Vendor
lsennettc1@dion.ne.jp,$2y$10$JsBMPw2veFfMeJnGH8/Jk.ASF8jLMeUrIAqqF1XiWDN32pmc7wtwy,Vendor
scomellic2@diigo.com,$2y$10$JsBMPw2veFfMeJnGH8/Jk.ASF8jLMeUrIAqqF1XiWDN32pmc7wtwy,Vendor
tcrookshankc3@accuweather.com,$2y$10$JsBMPw2veFfMeJnGH8/Jk.ASF8jLMeUrIAqqF1XiWDN32pmc7wtwy,Client
igregolinc4@hud.gov,$2y$10$JsBMPw2veFfMeJnGH8/Jk.ASF8jLMeUrIAqqF1XiWDN32pmc7wtwy,Client
jfalkousc5@mapquest.com,$2y$10$JsBMPw2veFfMeJnGH8/Jk.ASF8jLMeUrIAqqF1XiWDN32pmc7wtwy,Client
osainsburybrownc6@alexa.com,$2y$10$JsBMPw2veFfMeJnGH8/Jk.ASF8jLMeUrIAqqF1XiWDN32pmc7wtwy,Client
jcoombec7@irs.gov,$2y$10$JsBMPw2veFfMeJnGH8/Jk.ASF8jLMeUrIAqqF1XiWDN32pmc7wtwy,Vendor
rconrathc8@jalbum.net,$2y$10$JsBMPw2veFfMeJnGH8/Jk.ASF8jLMeUrIAqqF1XiWDN32pmc7wtwy,Vendor
jgaythwaitec9@yolasite.com,$2y$10$JsBMPw2veFfMeJnGH8/Jk.ASF8jLMeUrIAqqF1XiWDN32pmc7wtwy,Vendor
bjimsonca@list-manage.com,$2y$10$JsBMPw2veFfMeJnGH8/Jk.ASF8jLMeUrIAqqF1XiWDN32pmc7wtwy,Vendor
cbidnallcb@lycos.com,$2y$10$JsBMPw2veFfMeJnGH8/Jk.ASF8jLMeUrIAqqF1XiWDN32pmc7wtwy,Vendor
gescolmecc@howstuffworks.com,$2y$10$JsBMPw2veFfMeJnGH8/Jk.ASF8jLMeUrIAqqF1XiWDN32pmc7wtwy,Vendor
srodbournecd@dot.gov,$2y$10$JsBMPw2veFfMeJnGH8/Jk.ASF8jLMeUrIAqqF1XiWDN32pmc7wtwy,Vendor
rscollice@blogger.com,$2y$10$JsBMPw2veFfMeJnGH8/Jk.ASF8jLMeUrIAqqF1XiWDN32pmc7wtwy,Vendor
rquailcf@marketwatch.com,$2y$10$JsBMPw2veFfMeJnGH8/Jk.ASF8jLMeUrIAqqF1XiWDN32pmc7wtwy,Client
eclayworthcg@unicef.org,$2y$10$JsBMPw2veFfMeJnGH8/Jk.ASF8jLMeUrIAqqF1XiWDN32pmc7wtwy,Client
rskepperch@upenn.edu,$2y$10$JsBMPw2veFfMeJnGH8/Jk.ASF8jLMeUrIAqqF1XiWDN32pmc7wtwy,Client
eniessenci@java.com,$2y$10$JsBMPw2veFfMeJnGH8/Jk.ASF8jLMeUrIAqqF1XiWDN32pmc7wtwy,Vendor
busborncj@ycombinator.com,$2y$10$JsBMPw2veFfMeJnGH8/Jk.ASF8jLMeUrIAqqF1XiWDN32pmc7wtwy,Client
fbartoleynck@xrea.com,$2y$10$JsBMPw2veFfMeJnGH8/Jk.ASF8jLMeUrIAqqF1XiWDN32pmc7wtwy,Client
dmckimmiecl@google.nl,$2y$10$JsBMPw2veFfMeJnGH8/Jk.ASF8jLMeUrIAqqF1XiWDN32pmc7wtwy,Client
wtrowcm@exblog.jp,$2y$10$JsBMPw2veFfMeJnGH8/Jk.ASF8jLMeUrIAqqF1XiWDN32pmc7wtwy,Client
hcolquittcn@domainmarket.com,$2y$10$JsBMPw2veFfMeJnGH8/Jk.ASF8jLMeUrIAqqF1XiWDN32pmc7wtwy,Vendor
owearnco@bandcamp.com,$2y$10$JsBMPw2veFfMeJnGH8/Jk.ASF8jLMeUrIAqqF1XiWDN32pmc7wtwy,Client
sroelscp@4shared.com,$2y$10$JsBMPw2veFfMeJnGH8/Jk.ASF8jLMeUrIAqqF1XiWDN32pmc7wtwy,Vendor
icolstoncq@buzzfeed.com,$2y$10$JsBMPw2veFfMeJnGH8/Jk.ASF8jLMeUrIAqqF1XiWDN32pmc7wtwy,Vendor
creamcr@dion.ne.jp,$2y$10$JsBMPw2veFfMeJnGH8/Jk.ASF8jLMeUrIAqqF1XiWDN32pmc7wtwy,Vendor
kbenneyworthcs@jalbum.net,$2y$10$JsBMPw2veFfMeJnGH8/Jk.ASF8jLMeUrIAqqF1XiWDN32pmc7wtwy,Vendor
bstirmanct@weibo.com,$2y$10$JsBMPw2veFfMeJnGH8/Jk.ASF8jLMeUrIAqqF1XiWDN32pmc7wtwy,Vendor
fnewartcu@tinyurl.com,$2y$10$JsBMPw2veFfMeJnGH8/Jk.ASF8jLMeUrIAqqF1XiWDN32pmc7wtwy,Client
tbodicumcv@twitter.com,$2y$10$JsBMPw2veFfMeJnGH8/Jk.ASF8jLMeUrIAqqF1XiWDN32pmc7wtwy,Vendor
wsiebcw@mail.ru,$2y$10$JsBMPw2veFfMeJnGH8/Jk.ASF8jLMeUrIAqqF1XiWDN32pmc7wtwy,Vendor
acowgillcx@biblegateway.com,$2y$10$JsBMPw2veFfMeJnGH8/Jk.ASF8jLMeUrIAqqF1XiWDN32pmc7wtwy,Vendor
ndinehartcy@theglobeandmail.com,$2y$10$JsBMPw2veFfMeJnGH8/Jk.ASF8jLMeUrIAqqF1XiWDN32pmc7wtwy,Vendor
thartlesscz@storify.com,$2y$10$JsBMPw2veFfMeJnGH8/Jk.ASF8jLMeUrIAqqF1XiWDN32pmc7wtwy,Client
roreagand0@google.es,$2y$10$JsBMPw2veFfMeJnGH8/Jk.ASF8jLMeUrIAqqF1XiWDN32pmc7wtwy,Client
bkirad1@issuu.com,$2y$10$JsBMPw2veFfMeJnGH8/Jk.ASF8jLMeUrIAqqF1XiWDN32pmc7wtwy,Client
nharpind2@blogspot.com,$2y$10$JsBMPw2veFfMeJnGH8/Jk.ASF8jLMeUrIAqqF1XiWDN32pmc7wtwy,Client
amattsd3@ucla.edu,$2y$10$JsBMPw2veFfMeJnGH8/Jk.ASF8jLMeUrIAqqF1XiWDN32pmc7wtwy,Vendor
egreatbankd4@craigslist.org,$2y$10$JsBMPw2veFfMeJnGH8/Jk.ASF8jLMeUrIAqqF1XiWDN32pmc7wtwy,Client
ajonkd5@blogs.com,$2y$10$JsBMPw2veFfMeJnGH8/Jk.ASF8jLMeUrIAqqF1XiWDN32pmc7wtwy,Vendor
glabbettd6@wufoo.com,$2y$10$JsBMPw2veFfMeJnGH8/Jk.ASF8jLMeUrIAqqF1XiWDN32pmc7wtwy,Vendor
dbottomerd7@hc360.com,$2y$10$JsBMPw2veFfMeJnGH8/Jk.ASF8jLMeUrIAqqF1XiWDN32pmc7wtwy,Vendor
ccasbond8@oaic.gov.au,$2y$10$JsBMPw2veFfMeJnGH8/Jk.ASF8jLMeUrIAqqF1XiWDN32pmc7wtwy,Client
rhightownd9@icq.com,$2y$10$JsBMPw2veFfMeJnGH8/Jk.ASF8jLMeUrIAqqF1XiWDN32pmc7wtwy,Client
mswadonda@examiner.com,$2y$10$JsBMPw2veFfMeJnGH8/Jk.ASF8jLMeUrIAqqF1XiWDN32pmc7wtwy,Client
lwaliszekdb@e-recht24.de,$2y$10$JsBMPw2veFfMeJnGH8/Jk.ASF8jLMeUrIAqqF1XiWDN32pmc7wtwy,Client
nwetherelldc@addtoany.com,$2y$10$JsBMPw2veFfMeJnGH8/Jk.ASF8jLMeUrIAqqF1XiWDN32pmc7wtwy,Client
kcaprondd@indiegogo.com,$2y$10$JsBMPw2veFfMeJnGH8/Jk.ASF8jLMeUrIAqqF1XiWDN32pmc7wtwy,Client
nferronide@discuz.net,$2y$10$JsBMPw2veFfMeJnGH8/Jk.ASF8jLMeUrIAqqF1XiWDN32pmc7wtwy,Client
twhitedf@booking.com,$2y$10$JsBMPw2veFfMeJnGH8/Jk.ASF8jLMeUrIAqqF1XiWDN32pmc7wtwy,Client
dpileticdg@spotify.com,$2y$10$JsBMPw2veFfMeJnGH8/Jk.ASF8jLMeUrIAqqF1XiWDN32pmc7wtwy,Vendor
ohamblendh@flickr.com,$2y$10$JsBMPw2veFfMeJnGH8/Jk.ASF8jLMeUrIAqqF1XiWDN32pmc7wtwy,Vendor
bskillerndi@opera.com,$2y$10$JsBMPw2veFfMeJnGH8/Jk.ASF8jLMeUrIAqqF1XiWDN32pmc7wtwy,Client
mobradanedj@symantec.com,$2y$10$JsBMPw2veFfMeJnGH8/Jk.ASF8jLMeUrIAqqF1XiWDN32pmc7wtwy,Vendor
sliverseegedk@nifty.com,$2y$10$JsBMPw2veFfMeJnGH8/Jk.ASF8jLMeUrIAqqF1XiWDN32pmc7wtwy,Client
scockindl@wiley.com,$2y$10$JsBMPw2veFfMeJnGH8/Jk.ASF8jLMeUrIAqqF1XiWDN32pmc7wtwy,Client
alefriecdm@nationalgeographic.com,$2y$10$JsBMPw2veFfMeJnGH8/Jk.ASF8jLMeUrIAqqF1XiWDN32pmc7wtwy,Client
cgarcesdn@pbs.org,$2y$10$JsBMPw2veFfMeJnGH8/Jk.ASF8jLMeUrIAqqF1XiWDN32pmc7wtwy,Vendor
dmealanddo@youku.com,$2y$10$JsBMPw2veFfMeJnGH8/Jk.ASF8jLMeUrIAqqF1XiWDN32pmc7wtwy,Client
cdeeksdp@csmonitor.com,$2y$10$JsBMPw2veFfMeJnGH8/Jk.ASF8jLMeUrIAqqF1XiWDN32pmc7wtwy,Client
mlloydwilliamsdq@intel.com,$2y$10$JsBMPw2veFfMeJnGH8/Jk.ASF8jLMeUrIAqqF1XiWDN32pmc7wtwy,Client
vludrondr@wisc.edu,$2y$10$JsBMPw2veFfMeJnGH8/Jk.ASF8jLMeUrIAqqF1XiWDN32pmc7wtwy,Vendor
abachnicds@youtu.be,$2y$10$JsBMPw2veFfMeJnGH8/Jk.ASF8jLMeUrIAqqF1XiWDN32pmc7wtwy,Client
rdrinkeldt@sciencedirect.com,$2y$10$JsBMPw2veFfMeJnGH8/Jk.ASF8jLMeUrIAqqF1XiWDN32pmc7wtwy,Vendor
rmontilladu@irs.gov,$2y$10$JsBMPw2veFfMeJnGH8/Jk.ASF8jLMeUrIAqqF1XiWDN32pmc7wtwy,Vendor
rrizzodv@hibu.com,$2y$10$JsBMPw2veFfMeJnGH8/Jk.ASF8jLMeUrIAqqF1XiWDN32pmc7wtwy,Client
ewooderdw@yolasite.com,$2y$10$JsBMPw2veFfMeJnGH8/Jk.ASF8jLMeUrIAqqF1XiWDN32pmc7wtwy,Client
acotondx@amazon.co.uk,$2y$10$JsBMPw2veFfMeJnGH8/Jk.ASF8jLMeUrIAqqF1XiWDN32pmc7wtwy,Vendor
mtremainedy@youku.com,$2y$10$JsBMPw2veFfMeJnGH8/Jk.ASF8jLMeUrIAqqF1XiWDN32pmc7wtwy,Vendor
vstacydz@theguardian.com,$2y$10$JsBMPw2veFfMeJnGH8/Jk.ASF8jLMeUrIAqqF1XiWDN32pmc7wtwy,Vendor
jsickerte0@nydailynews.com,$2y$10$JsBMPw2veFfMeJnGH8/Jk.ASF8jLMeUrIAqqF1XiWDN32pmc7wtwy,Client
mcicculie1@ask.com,$2y$10$JsBMPw2veFfMeJnGH8/Jk.ASF8jLMeUrIAqqF1XiWDN32pmc7wtwy,Client
mcastelaine2@bbc.co.uk,$2y$10$JsBMPw2veFfMeJnGH8/Jk.ASF8jLMeUrIAqqF1XiWDN32pmc7wtwy,Vendor
wgotfreye3@biglobe.ne.jp,$2y$10$JsBMPw2veFfMeJnGH8/Jk.ASF8jLMeUrIAqqF1XiWDN32pmc7wtwy,Vendor
mpynee4@reverbnation.com,$2y$10$JsBMPw2veFfMeJnGH8/Jk.ASF8jLMeUrIAqqF1XiWDN32pmc7wtwy,Client
eparsonse5@blogs.com,$2y$10$JsBMPw2veFfMeJnGH8/Jk.ASF8jLMeUrIAqqF1XiWDN32pmc7wtwy,Vendor
dfulhame6@twitter.com,$2y$10$JsBMPw2veFfMeJnGH8/Jk.ASF8jLMeUrIAqqF1XiWDN32pmc7wtwy,Vendor
biorizzie7@networksolutions.com,$2y$10$JsBMPw2veFfMeJnGH8/Jk.ASF8jLMeUrIAqqF1XiWDN32pmc7wtwy,Client
lcumberpatche8@harvard.edu,$2y$10$JsBMPw2veFfMeJnGH8/Jk.ASF8jLMeUrIAqqF1XiWDN32pmc7wtwy,Vendor
mmcharrye9@chronoengine.com,$2y$10$JsBMPw2veFfMeJnGH8/Jk.ASF8jLMeUrIAqqF1XiWDN32pmc7wtwy,Client
nsallowayeea@miibeian.gov.cn,$2y$10$JsBMPw2veFfMeJnGH8/Jk.ASF8jLMeUrIAqqF1XiWDN32pmc7wtwy,Vendor
ebrudenelleb@people.com.cn,$2y$10$JsBMPw2veFfMeJnGH8/Jk.ASF8jLMeUrIAqqF1XiWDN32pmc7wtwy,Vendor
pnassauec@cargocollective.com,$2y$10$JsBMPw2veFfMeJnGH8/Jk.ASF8jLMeUrIAqqF1XiWDN32pmc7wtwy,Vendor
hpetrielloed@wordpress.com,$2y$10$JsBMPw2veFfMeJnGH8/Jk.ASF8jLMeUrIAqqF1XiWDN32pmc7wtwy,Client
gvacheree@umich.edu,$2y$10$JsBMPw2veFfMeJnGH8/Jk.ASF8jLMeUrIAqqF1XiWDN32pmc7wtwy,Vendor
btithecoteef@mac.com,$2y$10$JsBMPw2veFfMeJnGH8/Jk.ASF8jLMeUrIAqqF1XiWDN32pmc7wtwy,Client
skruseeg@illinois.edu,$2y$10$JsBMPw2veFfMeJnGH8/Jk.ASF8jLMeUrIAqqF1XiWDN32pmc7wtwy,Vendor
mpawelczykeh@posterous.com,$2y$10$JsBMPw2veFfMeJnGH8/Jk.ASF8jLMeUrIAqqF1XiWDN32pmc7wtwy,Client
abirdwhistellei@walmart.com,$2y$10$JsBMPw2veFfMeJnGH8/Jk.ASF8jLMeUrIAqqF1XiWDN32pmc7wtwy,Vendor
bmaragaej@elpais.com,$2y$10$JsBMPw2veFfMeJnGH8/Jk.ASF8jLMeUrIAqqF1XiWDN32pmc7wtwy,Client
bcrowdaceek@unblog.fr,$2y$10$JsBMPw2veFfMeJnGH8/Jk.ASF8jLMeUrIAqqF1XiWDN32pmc7wtwy,Client
cgoareel@unesco.org,$2y$10$JsBMPw2veFfMeJnGH8/Jk.ASF8jLMeUrIAqqF1XiWDN32pmc7wtwy,Vendor
lgethingsem@ning.com,$2y$10$JsBMPw2veFfMeJnGH8/Jk.ASF8jLMeUrIAqqF1XiWDN32pmc7wtwy,Vendor
elinforthen@google.ca,$2y$10$JsBMPw2veFfMeJnGH8/Jk.ASF8jLMeUrIAqqF1XiWDN32pmc7wtwy,Client
jeagleneo@xinhuanet.com,$2y$10$JsBMPw2veFfMeJnGH8/Jk.ASF8jLMeUrIAqqF1XiWDN32pmc7wtwy,Vendor
aboldingep@tiny.cc,$2y$10$JsBMPw2veFfMeJnGH8/Jk.ASF8jLMeUrIAqqF1XiWDN32pmc7wtwy,Vendor
groizineq@mozilla.org,$2y$10$JsBMPw2veFfMeJnGH8/Jk.ASF8jLMeUrIAqqF1XiWDN32pmc7wtwy,Client
dtrenbeyer@yolasite.com,$2y$10$JsBMPw2veFfMeJnGH8/Jk.ASF8jLMeUrIAqqF1XiWDN32pmc7wtwy,Vendor
egrzelczakes@hubpages.com,$2y$10$JsBMPw2veFfMeJnGH8/Jk.ASF8jLMeUrIAqqF1XiWDN32pmc7wtwy,Client
nsedgeworthet@nba.com,$2y$10$JsBMPw2veFfMeJnGH8/Jk.ASF8jLMeUrIAqqF1XiWDN32pmc7wtwy,Client
nmoldeneu@edublogs.org,$2y$10$JsBMPw2veFfMeJnGH8/Jk.ASF8jLMeUrIAqqF1XiWDN32pmc7wtwy,Client
ggaskev@gnu.org,$2y$10$JsBMPw2veFfMeJnGH8/Jk.ASF8jLMeUrIAqqF1XiWDN32pmc7wtwy,Client
llammersew@unc.edu,$2y$10$JsBMPw2veFfMeJnGH8/Jk.ASF8jLMeUrIAqqF1XiWDN32pmc7wtwy,Vendor
lspriddleex@tinyurl.com,$2y$10$JsBMPw2veFfMeJnGH8/Jk.ASF8jLMeUrIAqqF1XiWDN32pmc7wtwy,Vendor
dferryney@google.com.br,$2y$10$JsBMPw2veFfMeJnGH8/Jk.ASF8jLMeUrIAqqF1XiWDN32pmc7wtwy,Client
jleadbitterez@cnbc.com,$2y$10$JsBMPw2veFfMeJnGH8/Jk.ASF8jLMeUrIAqqF1XiWDN32pmc7wtwy,Client
dearnshawf0@oakley.com,$2y$10$JsBMPw2veFfMeJnGH8/Jk.ASF8jLMeUrIAqqF1XiWDN32pmc7wtwy,Vendor
rdowdaf1@statcounter.com,$2y$10$JsBMPw2veFfMeJnGH8/Jk.ASF8jLMeUrIAqqF1XiWDN32pmc7wtwy,Vendor
srilstonf2@nature.com,$2y$10$JsBMPw2veFfMeJnGH8/Jk.ASF8jLMeUrIAqqF1XiWDN32pmc7wtwy,Vendor
cbayfieldf3@odnoklassniki.ru,$2y$10$JsBMPw2veFfMeJnGH8/Jk.ASF8jLMeUrIAqqF1XiWDN32pmc7wtwy,Client
csouthonf4@tuttocitta.it,$2y$10$JsBMPw2veFfMeJnGH8/Jk.ASF8jLMeUrIAqqF1XiWDN32pmc7wtwy,Client
dthalmannf5@netlog.com,$2y$10$JsBMPw2veFfMeJnGH8/Jk.ASF8jLMeUrIAqqF1XiWDN32pmc7wtwy,Vendor
abrewinsf6@ebay.com,$2y$10$JsBMPw2veFfMeJnGH8/Jk.ASF8jLMeUrIAqqF1XiWDN32pmc7wtwy,Vendor
alosekef7@usatoday.com,$2y$10$JsBMPw2veFfMeJnGH8/Jk.ASF8jLMeUrIAqqF1XiWDN32pmc7wtwy,Vendor
abestwickf8@aol.com,$2y$10$JsBMPw2veFfMeJnGH8/Jk.ASF8jLMeUrIAqqF1XiWDN32pmc7wtwy,Client
hlorrief9@ameblo.jp,$2y$10$JsBMPw2veFfMeJnGH8/Jk.ASF8jLMeUrIAqqF1XiWDN32pmc7wtwy,Client
cbrownjohnfa@livejournal.com,$2y$10$JsBMPw2veFfMeJnGH8/Jk.ASF8jLMeUrIAqqF1XiWDN32pmc7wtwy,Client
fstovesfb@dion.ne.jp,$2y$10$JsBMPw2veFfMeJnGH8/Jk.ASF8jLMeUrIAqqF1XiWDN32pmc7wtwy,Client
fsantarellifc@free.fr,$2y$10$JsBMPw2veFfMeJnGH8/Jk.ASF8jLMeUrIAqqF1XiWDN32pmc7wtwy,Client
lcannamfd@purevolume.com,$2y$10$JsBMPw2veFfMeJnGH8/Jk.ASF8jLMeUrIAqqF1XiWDN32pmc7wtwy,Vendor
epfafffe@columbia.edu,$2y$10$JsBMPw2veFfMeJnGH8/Jk.ASF8jLMeUrIAqqF1XiWDN32pmc7wtwy,Vendor
hgonnellyff@amazon.com,$2y$10$JsBMPw2veFfMeJnGH8/Jk.ASF8jLMeUrIAqqF1XiWDN32pmc7wtwy,Client
rcourtneyfg@netvibes.com,$2y$10$JsBMPw2veFfMeJnGH8/Jk.ASF8jLMeUrIAqqF1XiWDN32pmc7wtwy,Client
smifflinfh@weebly.com,$2y$10$JsBMPw2veFfMeJnGH8/Jk.ASF8jLMeUrIAqqF1XiWDN32pmc7wtwy,Client
kevittsfi@usatoday.com,$2y$10$JsBMPw2veFfMeJnGH8/Jk.ASF8jLMeUrIAqqF1XiWDN32pmc7wtwy,Client
ubeedhamfj@mediafire.com,$2y$10$JsBMPw2veFfMeJnGH8/Jk.ASF8jLMeUrIAqqF1XiWDN32pmc7wtwy,Client
cgilleasefk@shinystat.com,$2y$10$JsBMPw2veFfMeJnGH8/Jk.ASF8jLMeUrIAqqF1XiWDN32pmc7wtwy,Client
kurlichfl@microsoft.com,$2y$10$JsBMPw2veFfMeJnGH8/Jk.ASF8jLMeUrIAqqF1XiWDN32pmc7wtwy,Client
bsangefm@hhs.gov,$2y$10$JsBMPw2veFfMeJnGH8/Jk.ASF8jLMeUrIAqqF1XiWDN32pmc7wtwy,Vendor
drosenfn@deliciousdays.com,$2y$10$JsBMPw2veFfMeJnGH8/Jk.ASF8jLMeUrIAqqF1XiWDN32pmc7wtwy,Vendor
rwhebellfo@bloglovin.com,$2y$10$JsBMPw2veFfMeJnGH8/Jk.ASF8jLMeUrIAqqF1XiWDN32pmc7wtwy,Vendor
ebeynefp@artisteer.com,$2y$10$JsBMPw2veFfMeJnGH8/Jk.ASF8jLMeUrIAqqF1XiWDN32pmc7wtwy,Vendor
bubeefq@yelp.com,$2y$10$JsBMPw2veFfMeJnGH8/Jk.ASF8jLMeUrIAqqF1XiWDN32pmc7wtwy,Client
gglaisterfr@dion.ne.jp,$2y$10$JsBMPw2veFfMeJnGH8/Jk.ASF8jLMeUrIAqqF1XiWDN32pmc7wtwy,Vendor
lriddallfs@who.int,$2y$10$JsBMPw2veFfMeJnGH8/Jk.ASF8jLMeUrIAqqF1XiWDN32pmc7wtwy,Vendor
kgorriesft@mapquest.com,$2y$10$JsBMPw2veFfMeJnGH8/Jk.ASF8jLMeUrIAqqF1XiWDN32pmc7wtwy,Vendor
jilyinfu@webmd.com,$2y$10$JsBMPw2veFfMeJnGH8/Jk.ASF8jLMeUrIAqqF1XiWDN32pmc7wtwy,Client
ghanrahanfv@msu.edu,$2y$10$JsBMPw2veFfMeJnGH8/Jk.ASF8jLMeUrIAqqF1XiWDN32pmc7wtwy,Vendor
jchoudhuryfw@homestead.com,$2y$10$JsBMPw2veFfMeJnGH8/Jk.ASF8jLMeUrIAqqF1XiWDN32pmc7wtwy,Vendor
pmaccroaryfx@rakuten.co.jp,$2y$10$JsBMPw2veFfMeJnGH8/Jk.ASF8jLMeUrIAqqF1XiWDN32pmc7wtwy,Vendor
gnevisonfy@myspace.com,$2y$10$JsBMPw2veFfMeJnGH8/Jk.ASF8jLMeUrIAqqF1XiWDN32pmc7wtwy,Vendor
espinigefz@phpbb.com,$2y$10$JsBMPw2veFfMeJnGH8/Jk.ASF8jLMeUrIAqqF1XiWDN32pmc7wtwy,Vendor
gbercevelog0@squidoo.com,$2y$10$JsBMPw2veFfMeJnGH8/Jk.ASF8jLMeUrIAqqF1XiWDN32pmc7wtwy,Client
aasling1@wunderground.com,$2y$10$JsBMPw2veFfMeJnGH8/Jk.ASF8jLMeUrIAqqF1XiWDN32pmc7wtwy,Client
sguerreg2@squidoo.com,$2y$10$JsBMPw2veFfMeJnGH8/Jk.ASF8jLMeUrIAqqF1XiWDN32pmc7wtwy,Vendor
ymairg3@economist.com,$2y$10$JsBMPw2veFfMeJnGH8/Jk.ASF8jLMeUrIAqqF1XiWDN32pmc7wtwy,Client
sstuehmeierg4@shinystat.com,$2y$10$JsBMPw2veFfMeJnGH8/Jk.ASF8jLMeUrIAqqF1XiWDN32pmc7wtwy,Vendor
bocorhaneg5@behance.net,$2y$10$JsBMPw2veFfMeJnGH8/Jk.ASF8jLMeUrIAqqF1XiWDN32pmc7wtwy,Vendor
ebeedleg6@engadget.com,$2y$10$JsBMPw2veFfMeJnGH8/Jk.ASF8jLMeUrIAqqF1XiWDN32pmc7wtwy,Client
ltrevertong7@desdev.cn,$2y$10$JsBMPw2veFfMeJnGH8/Jk.ASF8jLMeUrIAqqF1XiWDN32pmc7wtwy,Vendor
fswarbriggg8@youtube.com,$2y$10$JsBMPw2veFfMeJnGH8/Jk.ASF8jLMeUrIAqqF1XiWDN32pmc7wtwy,Vendor
acorzorg9@addtoany.com,$2y$10$JsBMPw2veFfMeJnGH8/Jk.ASF8jLMeUrIAqqF1XiWDN32pmc7wtwy,Vendor
rguddga@vkontakte.ru,$2y$10$JsBMPw2veFfMeJnGH8/Jk.ASF8jLMeUrIAqqF1XiWDN32pmc7wtwy,Vendor
abingleygb@nyu.edu,$2y$10$JsBMPw2veFfMeJnGH8/Jk.ASF8jLMeUrIAqqF1XiWDN32pmc7wtwy,Vendor
medlergc@washingtonpost.com,$2y$10$JsBMPw2veFfMeJnGH8/Jk.ASF8jLMeUrIAqqF1XiWDN32pmc7wtwy,Client
dgrettongd@ted.com,$2y$10$JsBMPw2veFfMeJnGH8/Jk.ASF8jLMeUrIAqqF1XiWDN32pmc7wtwy,Client
jaureliusge@usa.gov,$2y$10$JsBMPw2veFfMeJnGH8/Jk.ASF8jLMeUrIAqqF1XiWDN32pmc7wtwy,Vendor
jpiscopiellogf@pinterest.com,$2y$10$JsBMPw2veFfMeJnGH8/Jk.ASF8jLMeUrIAqqF1XiWDN32pmc7wtwy,Client
espeirgg@answers.com,$2y$10$JsBMPw2veFfMeJnGH8/Jk.ASF8jLMeUrIAqqF1XiWDN32pmc7wtwy,Vendor
dclerkegh@meetup.com,$2y$10$JsBMPw2veFfMeJnGH8/Jk.ASF8jLMeUrIAqqF1XiWDN32pmc7wtwy,Vendor
lswanboroughgi@kickstarter.com,$2y$10$JsBMPw2veFfMeJnGH8/Jk.ASF8jLMeUrIAqqF1XiWDN32pmc7wtwy,Vendor
jpaddiegj@foxnews.com,$2y$10$JsBMPw2veFfMeJnGH8/Jk.ASF8jLMeUrIAqqF1XiWDN32pmc7wtwy,Client
mjanauschekgk@hexun.com,$2y$10$JsBMPw2veFfMeJnGH8/Jk.ASF8jLMeUrIAqqF1XiWDN32pmc7wtwy,Vendor
dbrimilcomegl@seattletimes.com,$2y$10$JsBMPw2veFfMeJnGH8/Jk.ASF8jLMeUrIAqqF1XiWDN32pmc7wtwy,Client
ddemarcogm@blogger.com,$2y$10$JsBMPw2veFfMeJnGH8/Jk.ASF8jLMeUrIAqqF1XiWDN32pmc7wtwy,Vendor
neccleshallgn@mysql.com,$2y$10$JsBMPw2veFfMeJnGH8/Jk.ASF8jLMeUrIAqqF1XiWDN32pmc7wtwy,Client
ddoberergo@free.fr,$2y$10$JsBMPw2veFfMeJnGH8/Jk.ASF8jLMeUrIAqqF1XiWDN32pmc7wtwy,Vendor
cshippeygp@harvard.edu,$2y$10$JsBMPw2veFfMeJnGH8/Jk.ASF8jLMeUrIAqqF1XiWDN32pmc7wtwy,Vendor
cfairniegq@opensource.org,$2y$10$JsBMPw2veFfMeJnGH8/Jk.ASF8jLMeUrIAqqF1XiWDN32pmc7wtwy,Vendor
jquarmbygr@lulu.com,$2y$10$JsBMPw2veFfMeJnGH8/Jk.ASF8jLMeUrIAqqF1XiWDN32pmc7wtwy,Vendor
gboughtflowergs@e-recht24.de,$2y$10$JsBMPw2veFfMeJnGH8/Jk.ASF8jLMeUrIAqqF1XiWDN32pmc7wtwy,Client
mmurrumgt@cbslocal.com,$2y$10$JsBMPw2veFfMeJnGH8/Jk.ASF8jLMeUrIAqqF1XiWDN32pmc7wtwy,Vendor
sstaresgu@sourceforge.net,$2y$10$JsBMPw2veFfMeJnGH8/Jk.ASF8jLMeUrIAqqF1XiWDN32pmc7wtwy,Client
dwhitengv@eepurl.com,$2y$10$JsBMPw2veFfMeJnGH8/Jk.ASF8jLMeUrIAqqF1XiWDN32pmc7wtwy,Client
ejewsongw@acquirethisname.com,$2y$10$JsBMPw2veFfMeJnGH8/Jk.ASF8jLMeUrIAqqF1XiWDN32pmc7wtwy,Vendor
sshillsgx@ted.com,$2y$10$JsBMPw2veFfMeJnGH8/Jk.ASF8jLMeUrIAqqF1XiWDN32pmc7wtwy,Vendor
dcottagy@dell.com,$2y$10$JsBMPw2veFfMeJnGH8/Jk.ASF8jLMeUrIAqqF1XiWDN32pmc7wtwy,Vendor
bricardgz@geocities.jp,$2y$10$JsBMPw2veFfMeJnGH8/Jk.ASF8jLMeUrIAqqF1XiWDN32pmc7wtwy,Client
dtearleh0@skype.com,$2y$10$JsBMPw2veFfMeJnGH8/Jk.ASF8jLMeUrIAqqF1XiWDN32pmc7wtwy,Vendor
ukubanh1@hp.com,$2y$10$JsBMPw2veFfMeJnGH8/Jk.ASF8jLMeUrIAqqF1XiWDN32pmc7wtwy,Client
jbaulcombeh2@multiply.com,$2y$10$JsBMPw2veFfMeJnGH8/Jk.ASF8jLMeUrIAqqF1XiWDN32pmc7wtwy,Client
mgilleanh3@gizmodo.com,$2y$10$JsBMPw2veFfMeJnGH8/Jk.ASF8jLMeUrIAqqF1XiWDN32pmc7wtwy,Client
jdurkinh4@parallels.com,$2y$10$JsBMPw2veFfMeJnGH8/Jk.ASF8jLMeUrIAqqF1XiWDN32pmc7wtwy,Vendor
mhallyboneh5@cbsnews.com,$2y$10$JsBMPw2veFfMeJnGH8/Jk.ASF8jLMeUrIAqqF1XiWDN32pmc7wtwy,Vendor
wscamalh6@163.com,$2y$10$JsBMPw2veFfMeJnGH8/Jk.ASF8jLMeUrIAqqF1XiWDN32pmc7wtwy,Vendor
fmaccaughanh7@tmall.com,$2y$10$JsBMPw2veFfMeJnGH8/Jk.ASF8jLMeUrIAqqF1XiWDN32pmc7wtwy,Vendor
aiornsh8@mashable.com,$2y$10$JsBMPw2veFfMeJnGH8/Jk.ASF8jLMeUrIAqqF1XiWDN32pmc7wtwy,Client
taharonih9@sogou.com,$2y$10$JsBMPw2veFfMeJnGH8/Jk.ASF8jLMeUrIAqqF1XiWDN32pmc7wtwy,Vendor
ewastallha@bluehost.com,$2y$10$JsBMPw2veFfMeJnGH8/Jk.ASF8jLMeUrIAqqF1XiWDN32pmc7wtwy,Vendor
tgarleehb@webmd.com,$2y$10$JsBMPw2veFfMeJnGH8/Jk.ASF8jLMeUrIAqqF1XiWDN32pmc7wtwy,Client
rmcgillivriehc@google.com.hk,$2y$10$JsBMPw2veFfMeJnGH8/Jk.ASF8jLMeUrIAqqF1XiWDN32pmc7wtwy,Client
mbarkhousehd@google.com.hk,$2y$10$JsBMPw2veFfMeJnGH8/Jk.ASF8jLMeUrIAqqF1XiWDN32pmc7wtwy,Vendor
jbaldihe@blog.com,$2y$10$JsBMPw2veFfMeJnGH8/Jk.ASF8jLMeUrIAqqF1XiWDN32pmc7wtwy,Vendor
rcreeberhf@mtv.com,$2y$10$JsBMPw2veFfMeJnGH8/Jk.ASF8jLMeUrIAqqF1XiWDN32pmc7wtwy,Client
hvaunhg@irs.gov,$2y$10$JsBMPw2veFfMeJnGH8/Jk.ASF8jLMeUrIAqqF1XiWDN32pmc7wtwy,Client
tgrendonhh@europa.eu,$2y$10$JsBMPw2veFfMeJnGH8/Jk.ASF8jLMeUrIAqqF1XiWDN32pmc7wtwy,Client
amatyasikhi@fda.gov,$2y$10$JsBMPw2veFfMeJnGH8/Jk.ASF8jLMeUrIAqqF1XiWDN32pmc7wtwy,Client
jhehirhj@spiegel.de,$2y$10$JsBMPw2veFfMeJnGH8/Jk.ASF8jLMeUrIAqqF1XiWDN32pmc7wtwy,Vendor
mmaffuccihk@omniture.com,$2y$10$JsBMPw2veFfMeJnGH8/Jk.ASF8jLMeUrIAqqF1XiWDN32pmc7wtwy,Client
vurianhl@princeton.edu,$2y$10$JsBMPw2veFfMeJnGH8/Jk.ASF8jLMeUrIAqqF1XiWDN32pmc7wtwy,Client
slepagehm@auda.org.au,$2y$10$JsBMPw2veFfMeJnGH8/Jk.ASF8jLMeUrIAqqF1XiWDN32pmc7wtwy,Vendor
bdhooghehn@gov.uk,$2y$10$JsBMPw2veFfMeJnGH8/Jk.ASF8jLMeUrIAqqF1XiWDN32pmc7wtwy,Vendor
rhelkinho@timesonline.co.uk,$2y$10$JsBMPw2veFfMeJnGH8/Jk.ASF8jLMeUrIAqqF1XiWDN32pmc7wtwy,Vendor
epetrouhp@ehow.com,$2y$10$JsBMPw2veFfMeJnGH8/Jk.ASF8jLMeUrIAqqF1XiWDN32pmc7wtwy,Vendor
mclemhq@sbwire.com,$2y$10$JsBMPw2veFfMeJnGH8/Jk.ASF8jLMeUrIAqqF1XiWDN32pmc7wtwy,Client
skiwitzhr@linkedin.com,$2y$10$JsBMPw2veFfMeJnGH8/Jk.ASF8jLMeUrIAqqF1XiWDN32pmc7wtwy,Vendor
bsterrickhs@example.com,$2y$10$JsBMPw2veFfMeJnGH8/Jk.ASF8jLMeUrIAqqF1XiWDN32pmc7wtwy,Vendor
idishmanht@ft.com,$2y$10$JsBMPw2veFfMeJnGH8/Jk.ASF8jLMeUrIAqqF1XiWDN32pmc7wtwy,Vendor
gyellandhu@hud.gov,$2y$10$JsBMPw2veFfMeJnGH8/Jk.ASF8jLMeUrIAqqF1XiWDN32pmc7wtwy,Client
ldownagehv@ed.gov,$2y$10$JsBMPw2veFfMeJnGH8/Jk.ASF8jLMeUrIAqqF1XiWDN32pmc7wtwy,Client
clambalhw@discovery.com,$2y$10$JsBMPw2veFfMeJnGH8/Jk.ASF8jLMeUrIAqqF1XiWDN32pmc7wtwy,Vendor
dfaustianhx@indiegogo.com,$2y$10$JsBMPw2veFfMeJnGH8/Jk.ASF8jLMeUrIAqqF1XiWDN32pmc7wtwy,Vendor
fgutanshy@uol.com.br,$2y$10$JsBMPw2veFfMeJnGH8/Jk.ASF8jLMeUrIAqqF1XiWDN32pmc7wtwy,Client
selcomhz@xing.com,$2y$10$JsBMPw2veFfMeJnGH8/Jk.ASF8jLMeUrIAqqF1XiWDN32pmc7wtwy,Client
dyitzhaki0@boston.com,$2y$10$JsBMPw2veFfMeJnGH8/Jk.ASF8jLMeUrIAqqF1XiWDN32pmc7wtwy,Vendor
ehammori1@merriam-webster.com,$2y$10$JsBMPw2veFfMeJnGH8/Jk.ASF8jLMeUrIAqqF1XiWDN32pmc7wtwy,Vendor
oroysei2@altervista.org,$2y$10$JsBMPw2veFfMeJnGH8/Jk.ASF8jLMeUrIAqqF1XiWDN32pmc7wtwy,Client
pshakespeari3@marketwatch.com,$2y$10$JsBMPw2veFfMeJnGH8/Jk.ASF8jLMeUrIAqqF1XiWDN32pmc7wtwy,Vendor
maspeli4@whitehouse.gov,$2y$10$JsBMPw2veFfMeJnGH8/Jk.ASF8jLMeUrIAqqF1XiWDN32pmc7wtwy,Vendor
lcastaneri5@tmall.com,$2y$10$JsBMPw2veFfMeJnGH8/Jk.ASF8jLMeUrIAqqF1XiWDN32pmc7wtwy,Vendor
mgreswelli6@cyberchimps.com,$2y$10$JsBMPw2veFfMeJnGH8/Jk.ASF8jLMeUrIAqqF1XiWDN32pmc7wtwy,Client
jfazackerleyi7@yellowpages.com,$2y$10$JsBMPw2veFfMeJnGH8/Jk.ASF8jLMeUrIAqqF1XiWDN32pmc7wtwy,Vendor
gpeppetti8@opensource.org,$2y$10$JsBMPw2veFfMeJnGH8/Jk.ASF8jLMeUrIAqqF1XiWDN32pmc7wtwy,Vendor
apeeti9@bigcartel.com,$2y$10$JsBMPw2veFfMeJnGH8/Jk.ASF8jLMeUrIAqqF1XiWDN32pmc7wtwy,Vendor
hscarsbrickia@businessweek.com,$2y$10$JsBMPw2veFfMeJnGH8/Jk.ASF8jLMeUrIAqqF1XiWDN32pmc7wtwy,Client
bphidginib@senate.gov,$2y$10$JsBMPw2veFfMeJnGH8/Jk.ASF8jLMeUrIAqqF1XiWDN32pmc7wtwy,Client
nweeklyic@amazon.co.uk,$2y$10$JsBMPw2veFfMeJnGH8/Jk.ASF8jLMeUrIAqqF1XiWDN32pmc7wtwy,Client
vrooteid@tripadvisor.com,$2y$10$JsBMPw2veFfMeJnGH8/Jk.ASF8jLMeUrIAqqF1XiWDN32pmc7wtwy,Client
cfeakinsie@4shared.com,$2y$10$JsBMPw2veFfMeJnGH8/Jk.ASF8jLMeUrIAqqF1XiWDN32pmc7wtwy,Client
mwoodworthif@goo.ne.jp,$2y$10$JsBMPw2veFfMeJnGH8/Jk.ASF8jLMeUrIAqqF1XiWDN32pmc7wtwy,Vendor
rskirlinig@google.nl,$2y$10$JsBMPw2veFfMeJnGH8/Jk.ASF8jLMeUrIAqqF1XiWDN32pmc7wtwy,Client
bfontanetih@time.com,$2y$10$JsBMPw2veFfMeJnGH8/Jk.ASF8jLMeUrIAqqF1XiWDN32pmc7wtwy,Vendor
mbucktroutii@hatena.ne.jp,$2y$10$JsBMPw2veFfMeJnGH8/Jk.ASF8jLMeUrIAqqF1XiWDN32pmc7wtwy,Vendor
tdraggeij@photobucket.com,$2y$10$JsBMPw2veFfMeJnGH8/Jk.ASF8jLMeUrIAqqF1XiWDN32pmc7wtwy,Vendor
pguislerik@ed.gov,$2y$10$JsBMPw2veFfMeJnGH8/Jk.ASF8jLMeUrIAqqF1XiWDN32pmc7wtwy,Vendor
jsineathil@china.com.cn,$2y$10$JsBMPw2veFfMeJnGH8/Jk.ASF8jLMeUrIAqqF1XiWDN32pmc7wtwy,Client
ecarseyim@usda.gov,$2y$10$JsBMPw2veFfMeJnGH8/Jk.ASF8jLMeUrIAqqF1XiWDN32pmc7wtwy,Client
aalbonein@nydailynews.com,$2y$10$JsBMPw2veFfMeJnGH8/Jk.ASF8jLMeUrIAqqF1XiWDN32pmc7wtwy,Client
elekeuxio@usa.gov,$2y$10$JsBMPw2veFfMeJnGH8/Jk.ASF8jLMeUrIAqqF1XiWDN32pmc7wtwy,Vendor
aduncombeip@addthis.com,$2y$10$JsBMPw2veFfMeJnGH8/Jk.ASF8jLMeUrIAqqF1XiWDN32pmc7wtwy,Client
yfilesiq@npr.org,$2y$10$JsBMPw2veFfMeJnGH8/Jk.ASF8jLMeUrIAqqF1XiWDN32pmc7wtwy,Vendor
jhallutir@aol.com,$2y$10$JsBMPw2veFfMeJnGH8/Jk.ASF8jLMeUrIAqqF1XiWDN32pmc7wtwy,Vendor
korpenis@unblog.fr,$2y$10$JsBMPw2veFfMeJnGH8/Jk.ASF8jLMeUrIAqqF1XiWDN32pmc7wtwy,Vendor
cstandfieldit@edublogs.org,$2y$10$JsBMPw2veFfMeJnGH8/Jk.ASF8jLMeUrIAqqF1XiWDN32pmc7wtwy,Client
tgodsaliu@ucoz.ru,$2y$10$JsBMPw2veFfMeJnGH8/Jk.ASF8jLMeUrIAqqF1XiWDN32pmc7wtwy,Vendor
bweightiv@booking.com,$2y$10$JsBMPw2veFfMeJnGH8/Jk.ASF8jLMeUrIAqqF1XiWDN32pmc7wtwy,Vendor
kadcockiw@ihg.com,$2y$10$JsBMPw2veFfMeJnGH8/Jk.ASF8jLMeUrIAqqF1XiWDN32pmc7wtwy,Vendor
jweatherhillix@discuz.net,$2y$10$JsBMPw2veFfMeJnGH8/Jk.ASF8jLMeUrIAqqF1XiWDN32pmc7wtwy,Vendor
jmobberleyiy@loc.gov,$2y$10$JsBMPw2veFfMeJnGH8/Jk.ASF8jLMeUrIAqqF1XiWDN32pmc7wtwy,Vendor
dfaucettiz@washington.edu,$2y$10$JsBMPw2veFfMeJnGH8/Jk.ASF8jLMeUrIAqqF1XiWDN32pmc7wtwy,Vendor
apedlerj0@qq.com,$2y$10$JsBMPw2veFfMeJnGH8/Jk.ASF8jLMeUrIAqqF1XiWDN32pmc7wtwy,Vendor
cbozworthj1@google.de,$2y$10$JsBMPw2veFfMeJnGH8/Jk.ASF8jLMeUrIAqqF1XiWDN32pmc7wtwy,Client
cgillumj2@irs.gov,$2y$10$JsBMPw2veFfMeJnGH8/Jk.ASF8jLMeUrIAqqF1XiWDN32pmc7wtwy,Client
rvonhindenburgj3@blogspot.com,$2y$10$JsBMPw2veFfMeJnGH8/Jk.ASF8jLMeUrIAqqF1XiWDN32pmc7wtwy,Vendor
jexallj4@i2i.jp,$2y$10$JsBMPw2veFfMeJnGH8/Jk.ASF8jLMeUrIAqqF1XiWDN32pmc7wtwy,Client
awilborej5@epa.gov,$2y$10$JsBMPw2veFfMeJnGH8/Jk.ASF8jLMeUrIAqqF1XiWDN32pmc7wtwy,Vendor
mrylesj6@reference.com,$2y$10$JsBMPw2veFfMeJnGH8/Jk.ASF8jLMeUrIAqqF1XiWDN32pmc7wtwy,Client
mpedlowj7@ovh.net,$2y$10$JsBMPw2veFfMeJnGH8/Jk.ASF8jLMeUrIAqqF1XiWDN32pmc7wtwy,Client
macostaj8@bizjournals.com,$2y$10$JsBMPw2veFfMeJnGH8/Jk.ASF8jLMeUrIAqqF1XiWDN32pmc7wtwy,Client
cholylandj9@networkadvertising.org,$2y$10$JsBMPw2veFfMeJnGH8/Jk.ASF8jLMeUrIAqqF1XiWDN32pmc7wtwy,Client
abamburyja@discovery.com,$2y$10$JsBMPw2veFfMeJnGH8/Jk.ASF8jLMeUrIAqqF1XiWDN32pmc7wtwy,Vendor
cmarvelleyjb@cisco.com,$2y$10$JsBMPw2veFfMeJnGH8/Jk.ASF8jLMeUrIAqqF1XiWDN32pmc7wtwy,Vendor
fkissockjc@slideshare.net,$2y$10$JsBMPw2veFfMeJnGH8/Jk.ASF8jLMeUrIAqqF1XiWDN32pmc7wtwy,Vendor
lbornjd@hhs.gov,$2y$10$JsBMPw2veFfMeJnGH8/Jk.ASF8jLMeUrIAqqF1XiWDN32pmc7wtwy,Client
wquanje@dailymail.co.uk,$2y$10$JsBMPw2veFfMeJnGH8/Jk.ASF8jLMeUrIAqqF1XiWDN32pmc7wtwy,Client
wfattorinijf@howstuffworks.com,$2y$10$JsBMPw2veFfMeJnGH8/Jk.ASF8jLMeUrIAqqF1XiWDN32pmc7wtwy,Client
dshrimplingjg@ebay.com,$2y$10$JsBMPw2veFfMeJnGH8/Jk.ASF8jLMeUrIAqqF1XiWDN32pmc7wtwy,Vendor
ngregoracejh@pagesperso-orange.fr,$2y$10$JsBMPw2veFfMeJnGH8/Jk.ASF8jLMeUrIAqqF1XiWDN32pmc7wtwy,Client
mmoorcroftji@blogs.com,$2y$10$JsBMPw2veFfMeJnGH8/Jk.ASF8jLMeUrIAqqF1XiWDN32pmc7wtwy,Vendor
mmcmillanjj@squarespace.com,$2y$10$JsBMPw2veFfMeJnGH8/Jk.ASF8jLMeUrIAqqF1XiWDN32pmc7wtwy,Client
lrubijk@moonfruit.com,$2y$10$JsBMPw2veFfMeJnGH8/Jk.ASF8jLMeUrIAqqF1XiWDN32pmc7wtwy,Vendor
gbladerjl@rakuten.co.jp,$2y$10$JsBMPw2veFfMeJnGH8/Jk.ASF8jLMeUrIAqqF1XiWDN32pmc7wtwy,Client
ngiacovellijm@meetup.com,$2y$10$JsBMPw2veFfMeJnGH8/Jk.ASF8jLMeUrIAqqF1XiWDN32pmc7wtwy,Client
ashauljn@wordpress.org,$2y$10$JsBMPw2veFfMeJnGH8/Jk.ASF8jLMeUrIAqqF1XiWDN32pmc7wtwy,Vendor
mvintonjo@geocities.com,$2y$10$JsBMPw2veFfMeJnGH8/Jk.ASF8jLMeUrIAqqF1XiWDN32pmc7wtwy,Client
hgabbottsjp@amazon.de,$2y$10$JsBMPw2veFfMeJnGH8/Jk.ASF8jLMeUrIAqqF1XiWDN32pmc7wtwy,Vendor
smacgiollapheadairjq@cisco.com,$2y$10$JsBMPw2veFfMeJnGH8/Jk.ASF8jLMeUrIAqqF1XiWDN32pmc7wtwy,Vendor
ilocksjr@usnews.com,$2y$10$JsBMPw2veFfMeJnGH8/Jk.ASF8jLMeUrIAqqF1XiWDN32pmc7wtwy,Vendor
gkilligrewjs@woothemes.com,$2y$10$JsBMPw2veFfMeJnGH8/Jk.ASF8jLMeUrIAqqF1XiWDN32pmc7wtwy,Client
cvarnhamjt@answers.com,$2y$10$JsBMPw2veFfMeJnGH8/Jk.ASF8jLMeUrIAqqF1XiWDN32pmc7wtwy,Client
bmacmeartyju@amazon.de,$2y$10$JsBMPw2veFfMeJnGH8/Jk.ASF8jLMeUrIAqqF1XiWDN32pmc7wtwy,Vendor
aprimarolojv@quantcast.com,$2y$10$JsBMPw2veFfMeJnGH8/Jk.ASF8jLMeUrIAqqF1XiWDN32pmc7wtwy,Client
jmcphersonjw@bbc.co.uk,$2y$10$JsBMPw2veFfMeJnGH8/Jk.ASF8jLMeUrIAqqF1XiWDN32pmc7wtwy,Client
mcranmerjx@eventbrite.com,$2y$10$JsBMPw2veFfMeJnGH8/Jk.ASF8jLMeUrIAqqF1XiWDN32pmc7wtwy,Vendor
mkendredjy@pbs.org,$2y$10$JsBMPw2veFfMeJnGH8/Jk.ASF8jLMeUrIAqqF1XiWDN32pmc7wtwy,Client
tperrottjz@narod.ru,$2y$10$JsBMPw2veFfMeJnGH8/Jk.ASF8jLMeUrIAqqF1XiWDN32pmc7wtwy,Client
nrussamk0@w3.org,$2y$10$JsBMPw2veFfMeJnGH8/Jk.ASF8jLMeUrIAqqF1XiWDN32pmc7wtwy,Vendor
wpaslowk1@vk.com,$2y$10$JsBMPw2veFfMeJnGH8/Jk.ASF8jLMeUrIAqqF1XiWDN32pmc7wtwy,Vendor
kdamerellk2@ftc.gov,$2y$10$JsBMPw2veFfMeJnGH8/Jk.ASF8jLMeUrIAqqF1XiWDN32pmc7wtwy,Client
hcasek3@ibm.com,$2y$10$JsBMPw2veFfMeJnGH8/Jk.ASF8jLMeUrIAqqF1XiWDN32pmc7wtwy,Vendor
skenank4@fema.gov,$2y$10$JsBMPw2veFfMeJnGH8/Jk.ASF8jLMeUrIAqqF1XiWDN32pmc7wtwy,Vendor
aschraderk5@intel.com,$2y$10$JsBMPw2veFfMeJnGH8/Jk.ASF8jLMeUrIAqqF1XiWDN32pmc7wtwy,Client
shaspineallk6@blogtalkradio.com,$2y$10$JsBMPw2veFfMeJnGH8/Jk.ASF8jLMeUrIAqqF1XiWDN32pmc7wtwy,Client
etatemk7@answers.com,$2y$10$JsBMPw2veFfMeJnGH8/Jk.ASF8jLMeUrIAqqF1XiWDN32pmc7wtwy,Vendor
cmcgennisk8@cam.ac.uk,$2y$10$JsBMPw2veFfMeJnGH8/Jk.ASF8jLMeUrIAqqF1XiWDN32pmc7wtwy,Client
ideningtonk9@facebook.com,$2y$10$JsBMPw2veFfMeJnGH8/Jk.ASF8jLMeUrIAqqF1XiWDN32pmc7wtwy,Client
ecawcuttka@unc.edu,$2y$10$JsBMPw2veFfMeJnGH8/Jk.ASF8jLMeUrIAqqF1XiWDN32pmc7wtwy,Client
mthameltkb@goo.ne.jp,$2y$10$JsBMPw2veFfMeJnGH8/Jk.ASF8jLMeUrIAqqF1XiWDN32pmc7wtwy,Client
dprimarolokc@seesaa.net,$2y$10$JsBMPw2veFfMeJnGH8/Jk.ASF8jLMeUrIAqqF1XiWDN32pmc7wtwy,Vendor
bcharterskd@cam.ac.uk,$2y$10$JsBMPw2veFfMeJnGH8/Jk.ASF8jLMeUrIAqqF1XiWDN32pmc7wtwy,Client
ccaplinke@usa.gov,$2y$10$JsBMPw2veFfMeJnGH8/Jk.ASF8jLMeUrIAqqF1XiWDN32pmc7wtwy,Client
ribesonkf@amazon.co.uk,$2y$10$JsBMPw2veFfMeJnGH8/Jk.ASF8jLMeUrIAqqF1XiWDN32pmc7wtwy,Vendor
lcovillkg@mediafire.com,$2y$10$JsBMPw2veFfMeJnGH8/Jk.ASF8jLMeUrIAqqF1XiWDN32pmc7wtwy,Vendor
edilonkh@yellowpages.com,$2y$10$JsBMPw2veFfMeJnGH8/Jk.ASF8jLMeUrIAqqF1XiWDN32pmc7wtwy,Client
ecowki@auda.org.au,$2y$10$JsBMPw2veFfMeJnGH8/Jk.ASF8jLMeUrIAqqF1XiWDN32pmc7wtwy,Client
ascreaskj@economist.com,$2y$10$JsBMPw2veFfMeJnGH8/Jk.ASF8jLMeUrIAqqF1XiWDN32pmc7wtwy,Client
ejochenkk@apple.com,$2y$10$JsBMPw2veFfMeJnGH8/Jk.ASF8jLMeUrIAqqF1XiWDN32pmc7wtwy,Vendor
hlindhekl@scientificamerican.com,$2y$10$JsBMPw2veFfMeJnGH8/Jk.ASF8jLMeUrIAqqF1XiWDN32pmc7wtwy,Vendor
mcaughankm@un.org,$2y$10$JsBMPw2veFfMeJnGH8/Jk.ASF8jLMeUrIAqqF1XiWDN32pmc7wtwy,Vendor
erapleykn@liveinternet.ru,$2y$10$JsBMPw2veFfMeJnGH8/Jk.ASF8jLMeUrIAqqF1XiWDN32pmc7wtwy,Vendor
aoglassaneko@usda.gov,$2y$10$JsBMPw2veFfMeJnGH8/Jk.ASF8jLMeUrIAqqF1XiWDN32pmc7wtwy,Client
abennettskp@unc.edu,$2y$10$JsBMPw2veFfMeJnGH8/Jk.ASF8jLMeUrIAqqF1XiWDN32pmc7wtwy,Client
mmuttockkq@devhub.com,$2y$10$JsBMPw2veFfMeJnGH8/Jk.ASF8jLMeUrIAqqF1XiWDN32pmc7wtwy,Client
cguillonkr@myspace.com,$2y$10$JsBMPw2veFfMeJnGH8/Jk.ASF8jLMeUrIAqqF1XiWDN32pmc7wtwy,Client
ccalbreathks@blinklist.com,$2y$10$JsBMPw2veFfMeJnGH8/Jk.ASF8jLMeUrIAqqF1XiWDN32pmc7wtwy,Vendor
hmcritchiekt@pen.io,$2y$10$JsBMPw2veFfMeJnGH8/Jk.ASF8jLMeUrIAqqF1XiWDN32pmc7wtwy,Client
aheaffeyku@sciencedaily.com,$2y$10$JsBMPw2veFfMeJnGH8/Jk.ASF8jLMeUrIAqqF1XiWDN32pmc7wtwy,Vendor
tmccolmkv@time.com,$2y$10$JsBMPw2veFfMeJnGH8/Jk.ASF8jLMeUrIAqqF1XiWDN32pmc7wtwy,Vendor
dsailekw@discuz.net,$2y$10$JsBMPw2veFfMeJnGH8/Jk.ASF8jLMeUrIAqqF1XiWDN32pmc7wtwy,Vendor
cbleackleykx@mapy.cz,$2y$10$JsBMPw2veFfMeJnGH8/Jk.ASF8jLMeUrIAqqF1XiWDN32pmc7wtwy,Vendor
aflayky@google.pl,$2y$10$JsBMPw2veFfMeJnGH8/Jk.ASF8jLMeUrIAqqF1XiWDN32pmc7wtwy,Client
itofanellikz@marketwatch.com,$2y$10$JsBMPw2veFfMeJnGH8/Jk.ASF8jLMeUrIAqqF1XiWDN32pmc7wtwy,Vendor
isutherlandl0@bloglovin.com,$2y$10$JsBMPw2veFfMeJnGH8/Jk.ASF8jLMeUrIAqqF1XiWDN32pmc7wtwy,Vendor
ccaisleyl1@howstuffworks.com,$2y$10$JsBMPw2veFfMeJnGH8/Jk.ASF8jLMeUrIAqqF1XiWDN32pmc7wtwy,Client
tdakinl2@i2i.jp,$2y$10$JsBMPw2veFfMeJnGH8/Jk.ASF8jLMeUrIAqqF1XiWDN32pmc7wtwy,Client
glovartl3@yellowbook.com,$2y$10$JsBMPw2veFfMeJnGH8/Jk.ASF8jLMeUrIAqqF1XiWDN32pmc7wtwy,Client
cvonderemptenl4@cnn.com,$2y$10$JsBMPw2veFfMeJnGH8/Jk.ASF8jLMeUrIAqqF1XiWDN32pmc7wtwy,Vendor
jdavittl5@altervista.org,$2y$10$JsBMPw2veFfMeJnGH8/Jk.ASF8jLMeUrIAqqF1XiWDN32pmc7wtwy,Client
llacroixl6@discuz.net,$2y$10$JsBMPw2veFfMeJnGH8/Jk.ASF8jLMeUrIAqqF1XiWDN32pmc7wtwy,Vendor
salderwickl7@toplist.cz,$2y$10$JsBMPw2veFfMeJnGH8/Jk.ASF8jLMeUrIAqqF1XiWDN32pmc7wtwy,Vendor
jcheynel8@tmall.com,$2y$10$JsBMPw2veFfMeJnGH8/Jk.ASF8jLMeUrIAqqF1XiWDN32pmc7wtwy,Client
ggoresl9@ask.com,$2y$10$JsBMPw2veFfMeJnGH8/Jk.ASF8jLMeUrIAqqF1XiWDN32pmc7wtwy,Vendor
kobrianla@xrea.com,$2y$10$JsBMPw2veFfMeJnGH8/Jk.ASF8jLMeUrIAqqF1XiWDN32pmc7wtwy,Client
loxenfordlb@rambler.ru,$2y$10$JsBMPw2veFfMeJnGH8/Jk.ASF8jLMeUrIAqqF1XiWDN32pmc7wtwy,Client
vgirardinlc@hatena.ne.jp,$2y$10$JsBMPw2veFfMeJnGH8/Jk.ASF8jLMeUrIAqqF1XiWDN32pmc7wtwy,Vendor
mvearncombeld@surveymonkey.com,$2y$10$JsBMPw2veFfMeJnGH8/Jk.ASF8jLMeUrIAqqF1XiWDN32pmc7wtwy,Client
imadrele@pbs.org,$2y$10$JsBMPw2veFfMeJnGH8/Jk.ASF8jLMeUrIAqqF1XiWDN32pmc7wtwy,Vendor
lpohlinglf@eepurl.com,$2y$10$JsBMPw2veFfMeJnGH8/Jk.ASF8jLMeUrIAqqF1XiWDN32pmc7wtwy,Vendor
ktinlinelg@illinois.edu,$2y$10$JsBMPw2veFfMeJnGH8/Jk.ASF8jLMeUrIAqqF1XiWDN32pmc7wtwy,Vendor
hfarneylh@webnode.com,$2y$10$JsBMPw2veFfMeJnGH8/Jk.ASF8jLMeUrIAqqF1XiWDN32pmc7wtwy,Vendor
rhallgarthli@discovery.com,$2y$10$JsBMPw2veFfMeJnGH8/Jk.ASF8jLMeUrIAqqF1XiWDN32pmc7wtwy,Client
jwakehamlj@spiegel.de,$2y$10$JsBMPw2veFfMeJnGH8/Jk.ASF8jLMeUrIAqqF1XiWDN32pmc7wtwy,Vendor
paspinallk@tiny.cc,$2y$10$JsBMPw2veFfMeJnGH8/Jk.ASF8jLMeUrIAqqF1XiWDN32pmc7wtwy,Client
lbarouxll@guardian.co.uk,$2y$10$JsBMPw2veFfMeJnGH8/Jk.ASF8jLMeUrIAqqF1XiWDN32pmc7wtwy,Client
gglanderslm@eepurl.com,$2y$10$JsBMPw2veFfMeJnGH8/Jk.ASF8jLMeUrIAqqF1XiWDN32pmc7wtwy,Vendor
cbarnwellln@hubpages.com,$2y$10$JsBMPw2veFfMeJnGH8/Jk.ASF8jLMeUrIAqqF1XiWDN32pmc7wtwy,Client
leselerlo@tuttocitta.it,$2y$10$JsBMPw2veFfMeJnGH8/Jk.ASF8jLMeUrIAqqF1XiWDN32pmc7wtwy,Vendor
kcressinghamlp@lulu.com,$2y$10$JsBMPw2veFfMeJnGH8/Jk.ASF8jLMeUrIAqqF1XiWDN32pmc7wtwy,Client
keaglenlq@go.com,$2y$10$JsBMPw2veFfMeJnGH8/Jk.ASF8jLMeUrIAqqF1XiWDN32pmc7wtwy,Vendor
areddlr@hostgator.com,$2y$10$JsBMPw2veFfMeJnGH8/Jk.ASF8jLMeUrIAqqF1XiWDN32pmc7wtwy,Vendor
pgullls@ftc.gov,$2y$10$JsBMPw2veFfMeJnGH8/Jk.ASF8jLMeUrIAqqF1XiWDN32pmc7wtwy,Vendor
dmittonlt@creativecommons.org,$2y$10$JsBMPw2veFfMeJnGH8/Jk.ASF8jLMeUrIAqqF1XiWDN32pmc7wtwy,Vendor
aconochielu@cnet.com,$2y$10$JsBMPw2veFfMeJnGH8/Jk.ASF8jLMeUrIAqqF1XiWDN32pmc7wtwy,Client
cridingslv@narod.ru,$2y$10$JsBMPw2veFfMeJnGH8/Jk.ASF8jLMeUrIAqqF1XiWDN32pmc7wtwy,Client
amorettolw@ihg.com,$2y$10$JsBMPw2veFfMeJnGH8/Jk.ASF8jLMeUrIAqqF1XiWDN32pmc7wtwy,Vendor
dflaxonlx@scribd.com,$2y$10$JsBMPw2veFfMeJnGH8/Jk.ASF8jLMeUrIAqqF1XiWDN32pmc7wtwy,Vendor
clothlorienly@bbb.org,$2y$10$JsBMPw2veFfMeJnGH8/Jk.ASF8jLMeUrIAqqF1XiWDN32pmc7wtwy,Client
kmilanlz@sina.com.cn,$2y$10$JsBMPw2veFfMeJnGH8/Jk.ASF8jLMeUrIAqqF1XiWDN32pmc7wtwy,Vendor
lwickendenm0@loc.gov,$2y$10$JsBMPw2veFfMeJnGH8/Jk.ASF8jLMeUrIAqqF1XiWDN32pmc7wtwy,Client
ofladgatem1@oracle.com,$2y$10$JsBMPw2veFfMeJnGH8/Jk.ASF8jLMeUrIAqqF1XiWDN32pmc7wtwy,Client
cchrestienm2@newyorker.com,$2y$10$JsBMPw2veFfMeJnGH8/Jk.ASF8jLMeUrIAqqF1XiWDN32pmc7wtwy,Client
gpfertnerm3@booking.com,$2y$10$JsBMPw2veFfMeJnGH8/Jk.ASF8jLMeUrIAqqF1XiWDN32pmc7wtwy,Client
aacedom4@nps.gov,$2y$10$JsBMPw2veFfMeJnGH8/Jk.ASF8jLMeUrIAqqF1XiWDN32pmc7wtwy,Client
gdenseym5@xinhuanet.com,$2y$10$JsBMPw2veFfMeJnGH8/Jk.ASF8jLMeUrIAqqF1XiWDN32pmc7wtwy,Client
haxfordm6@wikispaces.com,$2y$10$JsBMPw2veFfMeJnGH8/Jk.ASF8jLMeUrIAqqF1XiWDN32pmc7wtwy,Vendor
nwackettm7@parallels.com,$2y$10$JsBMPw2veFfMeJnGH8/Jk.ASF8jLMeUrIAqqF1XiWDN32pmc7wtwy,Client
shaddenm8@cnbc.com,$2y$10$JsBMPw2veFfMeJnGH8/Jk.ASF8jLMeUrIAqqF1XiWDN32pmc7wtwy,Client
barcasem9@themeforest.net,$2y$10$JsBMPw2veFfMeJnGH8/Jk.ASF8jLMeUrIAqqF1XiWDN32pmc7wtwy,Vendor
fbrooksonma@google.de,$2y$10$JsBMPw2veFfMeJnGH8/Jk.ASF8jLMeUrIAqqF1XiWDN32pmc7wtwy,Client
sconnealymb@ucla.edu,$2y$10$JsBMPw2veFfMeJnGH8/Jk.ASF8jLMeUrIAqqF1XiWDN32pmc7wtwy,Client
rsimonellimc@comcast.net,$2y$10$JsBMPw2veFfMeJnGH8/Jk.ASF8jLMeUrIAqqF1XiWDN32pmc7wtwy,Vendor
dwestcottmd@sfgate.com,$2y$10$JsBMPw2veFfMeJnGH8/Jk.ASF8jLMeUrIAqqF1XiWDN32pmc7wtwy,Vendor
rarkillme@google.ca,$2y$10$JsBMPw2veFfMeJnGH8/Jk.ASF8jLMeUrIAqqF1XiWDN32pmc7wtwy,Vendor
nrootsmf@blog.com,$2y$10$JsBMPw2veFfMeJnGH8/Jk.ASF8jLMeUrIAqqF1XiWDN32pmc7wtwy,Vendor
ctoffaninimg@posterous.com,$2y$10$JsBMPw2veFfMeJnGH8/Jk.ASF8jLMeUrIAqqF1XiWDN32pmc7wtwy,Client
eskeletonmh@pagesperso-orange.fr,$2y$10$JsBMPw2veFfMeJnGH8/Jk.ASF8jLMeUrIAqqF1XiWDN32pmc7wtwy,Vendor
atwellmi@eepurl.com,$2y$10$JsBMPw2veFfMeJnGH8/Jk.ASF8jLMeUrIAqqF1XiWDN32pmc7wtwy,Vendor
lchethammj@behance.net,$2y$10$JsBMPw2veFfMeJnGH8/Jk.ASF8jLMeUrIAqqF1XiWDN32pmc7wtwy,Client
atillertonmk@salon.com,$2y$10$JsBMPw2veFfMeJnGH8/Jk.ASF8jLMeUrIAqqF1XiWDN32pmc7wtwy,Client
mmaudettml@rambler.ru,$2y$10$JsBMPw2veFfMeJnGH8/Jk.ASF8jLMeUrIAqqF1XiWDN32pmc7wtwy,Vendor
iasipenkomm@accuweather.com,$2y$10$JsBMPw2veFfMeJnGH8/Jk.ASF8jLMeUrIAqqF1XiWDN32pmc7wtwy,Vendor
agonzalomn@microsoft.com,$2y$10$JsBMPw2veFfMeJnGH8/Jk.ASF8jLMeUrIAqqF1XiWDN32pmc7wtwy,Client
kgoneymo@multiply.com,$2y$10$JsBMPw2veFfMeJnGH8/Jk.ASF8jLMeUrIAqqF1XiWDN32pmc7wtwy,Client
khegleymp@twitpic.com,$2y$10$JsBMPw2veFfMeJnGH8/Jk.ASF8jLMeUrIAqqF1XiWDN32pmc7wtwy,Vendor
alightewoodmq@dyndns.org,$2y$10$JsBMPw2veFfMeJnGH8/Jk.ASF8jLMeUrIAqqF1XiWDN32pmc7wtwy,Vendor
nrenshellmr@ebay.co.uk,$2y$10$JsBMPw2veFfMeJnGH8/Jk.ASF8jLMeUrIAqqF1XiWDN32pmc7wtwy,Client
gmcmurrughms@usnews.com,$2y$10$JsBMPw2veFfMeJnGH8/Jk.ASF8jLMeUrIAqqF1XiWDN32pmc7wtwy,Vendor
lsparshottmt@answers.com,$2y$10$JsBMPw2veFfMeJnGH8/Jk.ASF8jLMeUrIAqqF1XiWDN32pmc7wtwy,Client
ucrockattmu@berkeley.edu,$2y$10$JsBMPw2veFfMeJnGH8/Jk.ASF8jLMeUrIAqqF1XiWDN32pmc7wtwy,Vendor
lnorthenmv@weebly.com,$2y$10$JsBMPw2veFfMeJnGH8/Jk.ASF8jLMeUrIAqqF1XiWDN32pmc7wtwy,Vendor
dbattmanmw@netvibes.com,$2y$10$JsBMPw2veFfMeJnGH8/Jk.ASF8jLMeUrIAqqF1XiWDN32pmc7wtwy,Client
hpanyermx@zimbio.com,$2y$10$JsBMPw2veFfMeJnGH8/Jk.ASF8jLMeUrIAqqF1XiWDN32pmc7wtwy,Vendor
lmundiemy@rakuten.co.jp,$2y$10$JsBMPw2veFfMeJnGH8/Jk.ASF8jLMeUrIAqqF1XiWDN32pmc7wtwy,Client
gdegregolimz@apache.org,$2y$10$JsBMPw2veFfMeJnGH8/Jk.ASF8jLMeUrIAqqF1XiWDN32pmc7wtwy,Client
jgeibeln0@icq.com,$2y$10$JsBMPw2veFfMeJnGH8/Jk.ASF8jLMeUrIAqqF1XiWDN32pmc7wtwy,Vendor
ghanen1@printfriendly.com,$2y$10$JsBMPw2veFfMeJnGH8/Jk.ASF8jLMeUrIAqqF1XiWDN32pmc7wtwy,Vendor
lsyphasn2@nationalgeographic.com,$2y$10$JsBMPw2veFfMeJnGH8/Jk.ASF8jLMeUrIAqqF1XiWDN32pmc7wtwy,Vendor
blemerlen3@who.int,$2y$10$JsBMPw2veFfMeJnGH8/Jk.ASF8jLMeUrIAqqF1XiWDN32pmc7wtwy,Vendor
asomersn4@nymag.com,$2y$10$JsBMPw2veFfMeJnGH8/Jk.ASF8jLMeUrIAqqF1XiWDN32pmc7wtwy,Client
iwoollamn5@washington.edu,$2y$10$JsBMPw2veFfMeJnGH8/Jk.ASF8jLMeUrIAqqF1XiWDN32pmc7wtwy,Client
lquign6@theatlantic.com,$2y$10$JsBMPw2veFfMeJnGH8/Jk.ASF8jLMeUrIAqqF1XiWDN32pmc7wtwy,Client
bjaann7@phpbb.com,$2y$10$JsBMPw2veFfMeJnGH8/Jk.ASF8jLMeUrIAqqF1XiWDN32pmc7wtwy,Client
tblaisen8@sina.com.cn,$2y$10$JsBMPw2veFfMeJnGH8/Jk.ASF8jLMeUrIAqqF1XiWDN32pmc7wtwy,Client
djackettsn9@constantcontact.com,$2y$10$JsBMPw2veFfMeJnGH8/Jk.ASF8jLMeUrIAqqF1XiWDN32pmc7wtwy,Vendor
dhemberna@sakura.ne.jp,$2y$10$JsBMPw2veFfMeJnGH8/Jk.ASF8jLMeUrIAqqF1XiWDN32pmc7wtwy,Vendor
mbrunsennb@walmart.com,$2y$10$JsBMPw2veFfMeJnGH8/Jk.ASF8jLMeUrIAqqF1XiWDN32pmc7wtwy,Client
wnarrawaync@twitter.com,$2y$10$JsBMPw2veFfMeJnGH8/Jk.ASF8jLMeUrIAqqF1XiWDN32pmc7wtwy,Client
ebahiand@opensource.org,$2y$10$JsBMPw2veFfMeJnGH8/Jk.ASF8jLMeUrIAqqF1XiWDN32pmc7wtwy,Vendor
klammengane@yale.edu,$2y$10$JsBMPw2veFfMeJnGH8/Jk.ASF8jLMeUrIAqqF1XiWDN32pmc7wtwy,Vendor
wleopardnf@ihg.com,$2y$10$JsBMPw2veFfMeJnGH8/Jk.ASF8jLMeUrIAqqF1XiWDN32pmc7wtwy,Client
fhellwigng@amazon.com,$2y$10$JsBMPw2veFfMeJnGH8/Jk.ASF8jLMeUrIAqqF1XiWDN32pmc7wtwy,Vendor
cbrewsenh@digg.com,$2y$10$JsBMPw2veFfMeJnGH8/Jk.ASF8jLMeUrIAqqF1XiWDN32pmc7wtwy,Client
rrussoni@auda.org.au,$2y$10$JsBMPw2veFfMeJnGH8/Jk.ASF8jLMeUrIAqqF1XiWDN32pmc7wtwy,Vendor
ehargrovenj@bigcartel.com,$2y$10$JsBMPw2veFfMeJnGH8/Jk.ASF8jLMeUrIAqqF1XiWDN32pmc7wtwy,Client
sbollettink@biglobe.ne.jp,$2y$10$JsBMPw2veFfMeJnGH8/Jk.ASF8jLMeUrIAqqF1XiWDN32pmc7wtwy,Client
tvinenl@xing.com,$2y$10$JsBMPw2veFfMeJnGH8/Jk.ASF8jLMeUrIAqqF1XiWDN32pmc7wtwy,Client
dlillecrapnm@zdnet.com,$2y$10$JsBMPw2veFfMeJnGH8/Jk.ASF8jLMeUrIAqqF1XiWDN32pmc7wtwy,Vendor
khoffmannn@state.tx.us,$2y$10$JsBMPw2veFfMeJnGH8/Jk.ASF8jLMeUrIAqqF1XiWDN32pmc7wtwy,Client
aspoltonno@t.co,$2y$10$JsBMPw2veFfMeJnGH8/Jk.ASF8jLMeUrIAqqF1XiWDN32pmc7wtwy,Client
ktoolannp@uol.com.br,$2y$10$JsBMPw2veFfMeJnGH8/Jk.ASF8jLMeUrIAqqF1XiWDN32pmc7wtwy,Client
mcinonq@sohu.com,$2y$10$JsBMPw2veFfMeJnGH8/Jk.ASF8jLMeUrIAqqF1XiWDN32pmc7wtwy,Client
ithoresbienr@godaddy.com,$2y$10$JsBMPw2veFfMeJnGH8/Jk.ASF8jLMeUrIAqqF1XiWDN32pmc7wtwy,Vendor
kshucksmithns@springer.com,$2y$10$JsBMPw2veFfMeJnGH8/Jk.ASF8jLMeUrIAqqF1XiWDN32pmc7wtwy,Client
sclyburnnt@newyorker.com,$2y$10$JsBMPw2veFfMeJnGH8/Jk.ASF8jLMeUrIAqqF1XiWDN32pmc7wtwy,Client
nparkissonnu@amazonaws.com,$2y$10$JsBMPw2veFfMeJnGH8/Jk.ASF8jLMeUrIAqqF1XiWDN32pmc7wtwy,Vendor
bpeppardnv@prweb.com,$2y$10$JsBMPw2veFfMeJnGH8/Jk.ASF8jLMeUrIAqqF1XiWDN32pmc7wtwy,Client
fwarrillownw@vk.com,$2y$10$JsBMPw2veFfMeJnGH8/Jk.ASF8jLMeUrIAqqF1XiWDN32pmc7wtwy,Vendor
vellamsnx@buzzfeed.com,$2y$10$JsBMPw2veFfMeJnGH8/Jk.ASF8jLMeUrIAqqF1XiWDN32pmc7wtwy,Vendor
bfullyloveny@examiner.com,$2y$10$JsBMPw2veFfMeJnGH8/Jk.ASF8jLMeUrIAqqF1XiWDN32pmc7wtwy,Vendor
echoltonnz@hubpages.com,$2y$10$JsBMPw2veFfMeJnGH8/Jk.ASF8jLMeUrIAqqF1XiWDN32pmc7wtwy,Vendor
bblazejewskio0@guardian.co.uk,$2y$10$JsBMPw2veFfMeJnGH8/Jk.ASF8jLMeUrIAqqF1XiWDN32pmc7wtwy,Client
jnormanvello1@epa.gov,$2y$10$JsBMPw2veFfMeJnGH8/Jk.ASF8jLMeUrIAqqF1XiWDN32pmc7wtwy,Client
rdowthwaiteo2@de.vu,$2y$10$JsBMPw2veFfMeJnGH8/Jk.ASF8jLMeUrIAqqF1XiWDN32pmc7wtwy,Vendor
nalthorpo3@technorati.com,$2y$10$JsBMPw2veFfMeJnGH8/Jk.ASF8jLMeUrIAqqF1XiWDN32pmc7wtwy,Client
ldrugano4@weather.com,$2y$10$JsBMPw2veFfMeJnGH8/Jk.ASF8jLMeUrIAqqF1XiWDN32pmc7wtwy,Client
cgolbyo5@1688.com,$2y$10$JsBMPw2veFfMeJnGH8/Jk.ASF8jLMeUrIAqqF1XiWDN32pmc7wtwy,Client
tballantineo6@fotki.com,$2y$10$JsBMPw2veFfMeJnGH8/Jk.ASF8jLMeUrIAqqF1XiWDN32pmc7wtwy,Client
acarluccioo7@nba.com,$2y$10$JsBMPw2veFfMeJnGH8/Jk.ASF8jLMeUrIAqqF1XiWDN32pmc7wtwy,Vendor
abransgroveo8@microsoft.com,$2y$10$JsBMPw2veFfMeJnGH8/Jk.ASF8jLMeUrIAqqF1XiWDN32pmc7wtwy,Client
smarrono9@spiegel.de,$2y$10$JsBMPw2veFfMeJnGH8/Jk.ASF8jLMeUrIAqqF1XiWDN32pmc7wtwy,Client
gtatersaleoa@stanford.edu,$2y$10$JsBMPw2veFfMeJnGH8/Jk.ASF8jLMeUrIAqqF1XiWDN32pmc7wtwy,Vendor
fjohannessonob@hao123.com,$2y$10$JsBMPw2veFfMeJnGH8/Jk.ASF8jLMeUrIAqqF1XiWDN32pmc7wtwy,Client
acazeoc@ucoz.ru,$2y$10$JsBMPw2veFfMeJnGH8/Jk.ASF8jLMeUrIAqqF1XiWDN32pmc7wtwy,Vendor
okirimaaod@smh.com.au,$2y$10$JsBMPw2veFfMeJnGH8/Jk.ASF8jLMeUrIAqqF1XiWDN32pmc7wtwy,Vendor
cpoltoneoe@hubpages.com,$2y$10$JsBMPw2veFfMeJnGH8/Jk.ASF8jLMeUrIAqqF1XiWDN32pmc7wtwy,Client
jgoodrickeof@ning.com,$2y$10$JsBMPw2veFfMeJnGH8/Jk.ASF8jLMeUrIAqqF1XiWDN32pmc7wtwy,Vendor
fmorganog@cpanel.net,$2y$10$JsBMPw2veFfMeJnGH8/Jk.ASF8jLMeUrIAqqF1XiWDN32pmc7wtwy,Vendor
emacadamoh@timesonline.co.uk,$2y$10$JsBMPw2veFfMeJnGH8/Jk.ASF8jLMeUrIAqqF1XiWDN32pmc7wtwy,Client
hpobjayoi@so-net.ne.jp,$2y$10$JsBMPw2veFfMeJnGH8/Jk.ASF8jLMeUrIAqqF1XiWDN32pmc7wtwy,Client
warneckeoj@xing.com,$2y$10$JsBMPw2veFfMeJnGH8/Jk.ASF8jLMeUrIAqqF1XiWDN32pmc7wtwy,Client
mtresslerok@amazon.de,$2y$10$JsBMPw2veFfMeJnGH8/Jk.ASF8jLMeUrIAqqF1XiWDN32pmc7wtwy,Vendor
jrisebarerol@mail.ru,$2y$10$JsBMPw2veFfMeJnGH8/Jk.ASF8jLMeUrIAqqF1XiWDN32pmc7wtwy,Vendor
cobreenom@zimbio.com,$2y$10$JsBMPw2veFfMeJnGH8/Jk.ASF8jLMeUrIAqqF1XiWDN32pmc7wtwy,Client
bgamlynon@china.com.cn,$2y$10$JsBMPw2veFfMeJnGH8/Jk.ASF8jLMeUrIAqqF1XiWDN32pmc7wtwy,Client
kellissoo@godaddy.com,$2y$10$JsBMPw2veFfMeJnGH8/Jk.ASF8jLMeUrIAqqF1XiWDN32pmc7wtwy,Client
mgrimsditchop@psu.edu,$2y$10$JsBMPw2veFfMeJnGH8/Jk.ASF8jLMeUrIAqqF1XiWDN32pmc7wtwy,Vendor
fegginsoq@tamu.edu,$2y$10$JsBMPw2veFfMeJnGH8/Jk.ASF8jLMeUrIAqqF1XiWDN32pmc7wtwy,Client
jperkisor@plala.or.jp,$2y$10$JsBMPw2veFfMeJnGH8/Jk.ASF8jLMeUrIAqqF1XiWDN32pmc7wtwy,Client
ftodarelloos@va.gov,$2y$10$JsBMPw2veFfMeJnGH8/Jk.ASF8jLMeUrIAqqF1XiWDN32pmc7wtwy,Client
mbisacreot@google.com.hk,$2y$10$JsBMPw2veFfMeJnGH8/Jk.ASF8jLMeUrIAqqF1XiWDN32pmc7wtwy,Client
mkernoghanou@prweb.com,$2y$10$JsBMPw2veFfMeJnGH8/Jk.ASF8jLMeUrIAqqF1XiWDN32pmc7wtwy,Vendor
lspawtonov@cargocollective.com,$2y$10$JsBMPw2veFfMeJnGH8/Jk.ASF8jLMeUrIAqqF1XiWDN32pmc7wtwy,Vendor
lpavittow@admin.ch,$2y$10$JsBMPw2veFfMeJnGH8/Jk.ASF8jLMeUrIAqqF1XiWDN32pmc7wtwy,Client
vovidox@howstuffworks.com,$2y$10$JsBMPw2veFfMeJnGH8/Jk.ASF8jLMeUrIAqqF1XiWDN32pmc7wtwy,Client
nworhamoy@hud.gov,$2y$10$JsBMPw2veFfMeJnGH8/Jk.ASF8jLMeUrIAqqF1XiWDN32pmc7wtwy,Vendor
jchittieoz@pcworld.com,$2y$10$JsBMPw2veFfMeJnGH8/Jk.ASF8jLMeUrIAqqF1XiWDN32pmc7wtwy,Vendor
rnottip0@aol.com,$2y$10$JsBMPw2veFfMeJnGH8/Jk.ASF8jLMeUrIAqqF1XiWDN32pmc7wtwy,Vendor
kaldersp1@tinyurl.com,$2y$10$JsBMPw2veFfMeJnGH8/Jk.ASF8jLMeUrIAqqF1XiWDN32pmc7wtwy,Vendor
trosternp2@ucsd.edu,$2y$10$JsBMPw2veFfMeJnGH8/Jk.ASF8jLMeUrIAqqF1XiWDN32pmc7wtwy,Client
mrosenqvistp3@behance.net,$2y$10$JsBMPw2veFfMeJnGH8/Jk.ASF8jLMeUrIAqqF1XiWDN32pmc7wtwy,Client
jwagstaffp4@wsj.com,$2y$10$JsBMPw2veFfMeJnGH8/Jk.ASF8jLMeUrIAqqF1XiWDN32pmc7wtwy,Vendor
jlarimerp5@google.nl,$2y$10$JsBMPw2veFfMeJnGH8/Jk.ASF8jLMeUrIAqqF1XiWDN32pmc7wtwy,Vendor
aneillyp6@netscape.com,$2y$10$JsBMPw2veFfMeJnGH8/Jk.ASF8jLMeUrIAqqF1XiWDN32pmc7wtwy,Client
kcardowp7@senate.gov,$2y$10$JsBMPw2veFfMeJnGH8/Jk.ASF8jLMeUrIAqqF1XiWDN32pmc7wtwy,Client
ameriguetp8@ovh.net,$2y$10$JsBMPw2veFfMeJnGH8/Jk.ASF8jLMeUrIAqqF1XiWDN32pmc7wtwy,Vendor
ddamatop9@europa.eu,$2y$10$JsBMPw2veFfMeJnGH8/Jk.ASF8jLMeUrIAqqF1XiWDN32pmc7wtwy,Vendor
galbistonpa@w3.org,$2y$10$JsBMPw2veFfMeJnGH8/Jk.ASF8jLMeUrIAqqF1XiWDN32pmc7wtwy,Vendor
gkopkepb@sakura.ne.jp,$2y$10$JsBMPw2veFfMeJnGH8/Jk.ASF8jLMeUrIAqqF1XiWDN32pmc7wtwy,Vendor
lbiasipc@nsw.gov.au,$2y$10$JsBMPw2veFfMeJnGH8/Jk.ASF8jLMeUrIAqqF1XiWDN32pmc7wtwy,Client
bkorfmannpd@imdb.com,$2y$10$JsBMPw2veFfMeJnGH8/Jk.ASF8jLMeUrIAqqF1XiWDN32pmc7wtwy,Vendor
abrownscombepe@rambler.ru,$2y$10$JsBMPw2veFfMeJnGH8/Jk.ASF8jLMeUrIAqqF1XiWDN32pmc7wtwy,Client
jkornousekpf@toplist.cz,$2y$10$JsBMPw2veFfMeJnGH8/Jk.ASF8jLMeUrIAqqF1XiWDN32pmc7wtwy,Vendor
rtellenbrokpg@ebay.com,$2y$10$JsBMPw2veFfMeJnGH8/Jk.ASF8jLMeUrIAqqF1XiWDN32pmc7wtwy,Client
skingscoteph@ucla.edu,$2y$10$JsBMPw2veFfMeJnGH8/Jk.ASF8jLMeUrIAqqF1XiWDN32pmc7wtwy,Vendor
kkeymarpi@wordpress.com,$2y$10$JsBMPw2veFfMeJnGH8/Jk.ASF8jLMeUrIAqqF1XiWDN32pmc7wtwy,Client
iyansonspj@newsvine.com,$2y$10$JsBMPw2veFfMeJnGH8/Jk.ASF8jLMeUrIAqqF1XiWDN32pmc7wtwy,Vendor
vabberleypk@baidu.com,$2y$10$JsBMPw2veFfMeJnGH8/Jk.ASF8jLMeUrIAqqF1XiWDN32pmc7wtwy,Client
adoelpl@apache.org,$2y$10$JsBMPw2veFfMeJnGH8/Jk.ASF8jLMeUrIAqqF1XiWDN32pmc7wtwy,Vendor
gtoghillpm@deliciousdays.com,$2y$10$JsBMPw2veFfMeJnGH8/Jk.ASF8jLMeUrIAqqF1XiWDN32pmc7wtwy,Client
bholganpn@cdbaby.com,$2y$10$JsBMPw2veFfMeJnGH8/Jk.ASF8jLMeUrIAqqF1XiWDN32pmc7wtwy,Client
rtibbitspo@wiley.com,$2y$10$JsBMPw2veFfMeJnGH8/Jk.ASF8jLMeUrIAqqF1XiWDN32pmc7wtwy,Client
sgathercolepp@businessinsider.com,$2y$10$JsBMPw2veFfMeJnGH8/Jk.ASF8jLMeUrIAqqF1XiWDN32pmc7wtwy,Vendor
asabbertonpq@cbc.ca,$2y$10$JsBMPw2veFfMeJnGH8/Jk.ASF8jLMeUrIAqqF1XiWDN32pmc7wtwy,Vendor
hmacelanepr@sourceforge.net,$2y$10$JsBMPw2veFfMeJnGH8/Jk.ASF8jLMeUrIAqqF1XiWDN32pmc7wtwy,Client
hgarrieps@tiny.cc,$2y$10$JsBMPw2veFfMeJnGH8/Jk.ASF8jLMeUrIAqqF1XiWDN32pmc7wtwy,Client
gsandpt@usatoday.com,$2y$10$JsBMPw2veFfMeJnGH8/Jk.ASF8jLMeUrIAqqF1XiWDN32pmc7wtwy,Client
hjanuszewiczpu@amazon.co.jp,$2y$10$JsBMPw2veFfMeJnGH8/Jk.ASF8jLMeUrIAqqF1XiWDN32pmc7wtwy,Client
ovandermerwepv@google.co.jp,$2y$10$JsBMPw2veFfMeJnGH8/Jk.ASF8jLMeUrIAqqF1XiWDN32pmc7wtwy,Client
fenglishpw@spiegel.de,$2y$10$JsBMPw2veFfMeJnGH8/Jk.ASF8jLMeUrIAqqF1XiWDN32pmc7wtwy,Vendor
jsabatipx@nationalgeographic.com,$2y$10$JsBMPw2veFfMeJnGH8/Jk.ASF8jLMeUrIAqqF1XiWDN32pmc7wtwy,Client
smarzellanopy@hostgator.com,$2y$10$JsBMPw2veFfMeJnGH8/Jk.ASF8jLMeUrIAqqF1XiWDN32pmc7wtwy,Vendor
wpantherpz@forbes.com,$2y$10$JsBMPw2veFfMeJnGH8/Jk.ASF8jLMeUrIAqqF1XiWDN32pmc7wtwy,Vendor
jcrooseq0@mit.edu,$2y$10$JsBMPw2veFfMeJnGH8/Jk.ASF8jLMeUrIAqqF1XiWDN32pmc7wtwy,Vendor
bdaggq1@slashdot.org,$2y$10$JsBMPw2veFfMeJnGH8/Jk.ASF8jLMeUrIAqqF1XiWDN32pmc7wtwy,Vendor
jstollmeyerq2@csmonitor.com,$2y$10$JsBMPw2veFfMeJnGH8/Jk.ASF8jLMeUrIAqqF1XiWDN32pmc7wtwy,Client
pflugerq3@gravatar.com,$2y$10$JsBMPw2veFfMeJnGH8/Jk.ASF8jLMeUrIAqqF1XiWDN32pmc7wtwy,Client
cpasleyq4@phpbb.com,$2y$10$JsBMPw2veFfMeJnGH8/Jk.ASF8jLMeUrIAqqF1XiWDN32pmc7wtwy,Vendor
amuckeenq5@paginegialle.it,$2y$10$JsBMPw2veFfMeJnGH8/Jk.ASF8jLMeUrIAqqF1XiWDN32pmc7wtwy,Vendor
bbrambleyq6@uol.com.br,$2y$10$JsBMPw2veFfMeJnGH8/Jk.ASF8jLMeUrIAqqF1XiWDN32pmc7wtwy,Vendor
jerskinq7@blog.com,$2y$10$JsBMPw2veFfMeJnGH8/Jk.ASF8jLMeUrIAqqF1XiWDN32pmc7wtwy,Vendor
dmacginlayq8@furl.net,$2y$10$JsBMPw2veFfMeJnGH8/Jk.ASF8jLMeUrIAqqF1XiWDN32pmc7wtwy,Vendor
ehanneq9@chronoengine.com,$2y$10$JsBMPw2veFfMeJnGH8/Jk.ASF8jLMeUrIAqqF1XiWDN32pmc7wtwy,Vendor
cwhyteqa@symantec.com,$2y$10$JsBMPw2veFfMeJnGH8/Jk.ASF8jLMeUrIAqqF1XiWDN32pmc7wtwy,Vendor
ggoodieqb@twitter.com,$2y$10$JsBMPw2veFfMeJnGH8/Jk.ASF8jLMeUrIAqqF1XiWDN32pmc7wtwy,Client
dburlandqc@example.com,$2y$10$JsBMPw2veFfMeJnGH8/Jk.ASF8jLMeUrIAqqF1XiWDN32pmc7wtwy,Vendor
aharkqd@cornell.edu,$2y$10$JsBMPw2veFfMeJnGH8/Jk.ASF8jLMeUrIAqqF1XiWDN32pmc7wtwy,Client
sdiggqe@nyu.edu,$2y$10$JsBMPw2veFfMeJnGH8/Jk.ASF8jLMeUrIAqqF1XiWDN32pmc7wtwy,Vendor
jpundqf@soundcloud.com,$2y$10$JsBMPw2veFfMeJnGH8/Jk.ASF8jLMeUrIAqqF1XiWDN32pmc7wtwy,Vendor
kkinnaneqg@slashdot.org,$2y$10$JsBMPw2veFfMeJnGH8/Jk.ASF8jLMeUrIAqqF1XiWDN32pmc7wtwy,Vendor
mliffeyqh@multiply.com,$2y$10$JsBMPw2veFfMeJnGH8/Jk.ASF8jLMeUrIAqqF1XiWDN32pmc7wtwy,Client
raynsleyqi@businesswire.com,$2y$10$JsBMPw2veFfMeJnGH8/Jk.ASF8jLMeUrIAqqF1XiWDN32pmc7wtwy,Client
cmarcumqj@unblog.fr,$2y$10$JsBMPw2veFfMeJnGH8/Jk.ASF8jLMeUrIAqqF1XiWDN32pmc7wtwy,Vendor
eteligaqk@geocities.jp,$2y$10$JsBMPw2veFfMeJnGH8/Jk.ASF8jLMeUrIAqqF1XiWDN32pmc7wtwy,Client
dguillotql@businessweek.com,$2y$10$JsBMPw2veFfMeJnGH8/Jk.ASF8jLMeUrIAqqF1XiWDN32pmc7wtwy,Client
slardierqm@dagondesign.com,$2y$10$JsBMPw2veFfMeJnGH8/Jk.ASF8jLMeUrIAqqF1XiWDN32pmc7wtwy,Client
dvernauqn@wikia.com,$2y$10$JsBMPw2veFfMeJnGH8/Jk.ASF8jLMeUrIAqqF1XiWDN32pmc7wtwy,Client
askunesqo@soundcloud.com,$2y$10$JsBMPw2veFfMeJnGH8/Jk.ASF8jLMeUrIAqqF1XiWDN32pmc7wtwy,Vendor
ovauterqp@microsoft.com,$2y$10$JsBMPw2veFfMeJnGH8/Jk.ASF8jLMeUrIAqqF1XiWDN32pmc7wtwy,Vendor
ebrumhamqq@facebook.com,$2y$10$JsBMPw2veFfMeJnGH8/Jk.ASF8jLMeUrIAqqF1XiWDN32pmc7wtwy,Client
kharleqr@buzzfeed.com,$2y$10$JsBMPw2veFfMeJnGH8/Jk.ASF8jLMeUrIAqqF1XiWDN32pmc7wtwy,Client
tshewenqs@acquirethisname.com,$2y$10$JsBMPw2veFfMeJnGH8/Jk.ASF8jLMeUrIAqqF1XiWDN32pmc7wtwy,Client
rschmuhlqt@taobao.com,$2y$10$JsBMPw2veFfMeJnGH8/Jk.ASF8jLMeUrIAqqF1XiWDN32pmc7wtwy,Vendor
pbootmanqu@cyberchimps.com,$2y$10$JsBMPw2veFfMeJnGH8/Jk.ASF8jLMeUrIAqqF1XiWDN32pmc7wtwy,Client
ledsellqv@wiley.com,$2y$10$JsBMPw2veFfMeJnGH8/Jk.ASF8jLMeUrIAqqF1XiWDN32pmc7wtwy,Client
fquintonqw@nih.gov,$2y$10$JsBMPw2veFfMeJnGH8/Jk.ASF8jLMeUrIAqqF1XiWDN32pmc7wtwy,Client
mmcgunleyqx@eepurl.com,$2y$10$JsBMPw2veFfMeJnGH8/Jk.ASF8jLMeUrIAqqF1XiWDN32pmc7wtwy,Vendor
scocherqy@psu.edu,$2y$10$JsBMPw2veFfMeJnGH8/Jk.ASF8jLMeUrIAqqF1XiWDN32pmc7wtwy,Vendor
ceastcourtqz@live.com,$2y$10$JsBMPw2veFfMeJnGH8/Jk.ASF8jLMeUrIAqqF1XiWDN32pmc7wtwy,Client
cdunckleer0@europa.eu,$2y$10$JsBMPw2veFfMeJnGH8/Jk.ASF8jLMeUrIAqqF1XiWDN32pmc7wtwy,Vendor
dmaeerr1@dmoz.org,$2y$10$JsBMPw2veFfMeJnGH8/Jk.ASF8jLMeUrIAqqF1XiWDN32pmc7wtwy,Vendor
gcianellir2@sohu.com,$2y$10$JsBMPw2veFfMeJnGH8/Jk.ASF8jLMeUrIAqqF1XiWDN32pmc7wtwy,Client
afewsterr3@fastcompany.com,$2y$10$JsBMPw2veFfMeJnGH8/Jk.ASF8jLMeUrIAqqF1XiWDN32pmc7wtwy,Vendor
twickenr4@ow.ly,$2y$10$JsBMPw2veFfMeJnGH8/Jk.ASF8jLMeUrIAqqF1XiWDN32pmc7wtwy,Vendor
dbrahmerr5@apple.com,$2y$10$JsBMPw2veFfMeJnGH8/Jk.ASF8jLMeUrIAqqF1XiWDN32pmc7wtwy,Vendor
tdurnr6@state.gov,$2y$10$JsBMPw2veFfMeJnGH8/Jk.ASF8jLMeUrIAqqF1XiWDN32pmc7wtwy,Vendor
pbutter7@who.int,$2y$10$JsBMPw2veFfMeJnGH8/Jk.ASF8jLMeUrIAqqF1XiWDN32pmc7wtwy,Vendor
ahamer8@liveinternet.ru,$2y$10$JsBMPw2veFfMeJnGH8/Jk.ASF8jLMeUrIAqqF1XiWDN32pmc7wtwy,Client
sodlinr9@reference.com,$2y$10$JsBMPw2veFfMeJnGH8/Jk.ASF8jLMeUrIAqqF1XiWDN32pmc7wtwy,Client
aholylandra@csmonitor.com,$2y$10$JsBMPw2veFfMeJnGH8/Jk.ASF8jLMeUrIAqqF1XiWDN32pmc7wtwy,Client
cfenbyrb@t.co,$2y$10$JsBMPw2veFfMeJnGH8/Jk.ASF8jLMeUrIAqqF1XiWDN32pmc7wtwy,Client
ehughmanrc@exblog.jp,$2y$10$JsBMPw2veFfMeJnGH8/Jk.ASF8jLMeUrIAqqF1XiWDN32pmc7wtwy,Vendor
bpittlerd@mit.edu,$2y$10$JsBMPw2veFfMeJnGH8/Jk.ASF8jLMeUrIAqqF1XiWDN32pmc7wtwy,Client
jalpere@cnet.com,$2y$10$JsBMPw2veFfMeJnGH8/Jk.ASF8jLMeUrIAqqF1XiWDN32pmc7wtwy,Client
rpaolillorf@reddit.com,$2y$10$JsBMPw2veFfMeJnGH8/Jk.ASF8jLMeUrIAqqF1XiWDN32pmc7wtwy,Client
epepinrg@tinypic.com,$2y$10$JsBMPw2veFfMeJnGH8/Jk.ASF8jLMeUrIAqqF1XiWDN32pmc7wtwy,Client
jkenerrh@ustream.tv,$2y$10$JsBMPw2veFfMeJnGH8/Jk.ASF8jLMeUrIAqqF1XiWDN32pmc7wtwy,Vendor
tmeighri@nydailynews.com,$2y$10$JsBMPw2veFfMeJnGH8/Jk.ASF8jLMeUrIAqqF1XiWDN32pmc7wtwy,Client
sfawcittrj@shop-pro.jp,$2y$10$JsBMPw2veFfMeJnGH8/Jk.ASF8jLMeUrIAqqF1XiWDN32pmc7wtwy,Vendor
ashemiltrk@kickstarter.com,$2y$10$JsBMPw2veFfMeJnGH8/Jk.ASF8jLMeUrIAqqF1XiWDN32pmc7wtwy,Vendor
djansikrl@yahoo.co.jp,$2y$10$JsBMPw2veFfMeJnGH8/Jk.ASF8jLMeUrIAqqF1XiWDN32pmc7wtwy,Client
aissacrm@cisco.com,$2y$10$JsBMPw2veFfMeJnGH8/Jk.ASF8jLMeUrIAqqF1XiWDN32pmc7wtwy,Vendor
nboarleysonrn@nhs.uk,$2y$10$JsBMPw2veFfMeJnGH8/Jk.ASF8jLMeUrIAqqF1XiWDN32pmc7wtwy,Vendor
milchukro@drupal.org,$2y$10$JsBMPw2veFfMeJnGH8/Jk.ASF8jLMeUrIAqqF1XiWDN32pmc7wtwy,Client
kswallowrp@java.com,$2y$10$JsBMPw2veFfMeJnGH8/Jk.ASF8jLMeUrIAqqF1XiWDN32pmc7wtwy,Client
abaumerrq@indiegogo.com,$2y$10$JsBMPw2veFfMeJnGH8/Jk.ASF8jLMeUrIAqqF1XiWDN32pmc7wtwy,Client
nscurmanrr@cocolog-nifty.com,$2y$10$JsBMPw2veFfMeJnGH8/Jk.ASF8jLMeUrIAqqF1XiWDN32pmc7wtwy,Vendor
